[
  {
    "formula": "false"
  },
  {
    "formula": "true"
  },
  {
    "formula": "a"
  },
  {
    "formula": "(a \u0026 b)"
  },
  {
    "formula": "(a | b)"
  },
  {
    "formula": "Fa"
  },
  {
    "formula": "Ga"
  },
  {
    "formula": "Xa"
  },
  {
    "formula": "((a) M (b))"
  },
  {
    "formula": "((a) R (b))"
  },
  {
    "formula": "((a) U (b))"
  },
  {
    "formula": "((a) W (b))"
  },
  {
    "formula": "(a \u0026 ((b) R (a)))"
  },
  {
    "formula": "((a | b) \u0026 (!a | !b))"
  },
  {
    "formula": "((a | !b) \u0026 (!a | b))"
  },
  {
    "formula": "(Fa \u0026 F!a)"
  },
  {
    "formula": "(Fa \u0026 Fb)"
  },
  {
    "formula": "(Fa \u0026 Gb)"
  },
  {
    "formula": "(Fa \u0026 Xb)"
  },
  {
    "formula": "(Fa \u0026 ((b) R (!a)))"
  },
  {
    "formula": "(Ga \u0026 Gb)"
  },
  {
    "formula": "(Ga \u0026 Xb)"
  },
  {
    "formula": "(((a) M (b)) \u0026 ((c) U (d)))"
  },
  {
    "formula": "(a | ((b) U (a)))"
  },
  {
    "formula": "((a \u0026 b) | (!a \u0026 !b))"
  },
  {
    "formula": "((a \u0026 !b) | (!a \u0026 b))"
  },
  {
    "formula": "(Fa | Fb)"
  },
  {
    "formula": "(Fa | Gb)"
  },
  {
    "formula": "(Fa | Xb)"
  },
  {
    "formula": "(Ga | G!a)"
  },
  {
    "formula": "(Ga | Gb)"
  },
  {
    "formula": "(Ga | Xb)"
  },
  {
    "formula": "(G!a | ((b) U (a)))"
  },
  {
    "formula": "(((a) R (b)) | ((c) W (d)))"
  },
  {
    "formula": "F(a \u0026 b)"
  },
  {
    "formula": "F(a \u0026 b \u0026 c \u0026 d \u0026 e)"
  },
  {
    "formula": "F(a \u0026 b \u0026 c \u0026 d \u0026 e \u0026 f)"
  },
  {
    "formula": "F(a \u0026 b \u0026 c \u0026 d \u0026 e \u0026 f \u0026 g)"
  },
  {
    "formula": "F(a \u0026 b \u0026 c \u0026 d \u0026 e \u0026 f \u0026 g \u0026 h)"
  },
  {
    "formula": "FGa",
    "properties": {
      "size": 2,
      "initialStatesSize": 1,
      "acceptanceName": "BuchiAcceptance",
      "acceptanceSets": 1,
      "complete": false,
      "deterministic": false
    }
  },
  {
    "formula": "G(a | b)"
  },
  {
    "formula": "G(a | b | c | d | e)"
  },
  {
    "formula": "G(a | b | c | d | e | f)"
  },
  {
    "formula": "G(a | b | c | d | e | f | g)"
  },
  {
    "formula": "G(a | b | c | d | e | f | g | h)"
  },
  {
    "formula": "GFa"
  },
  {
    "formula": "X(a \u0026 b)"
  },
  {
    "formula": "X(a | b)"
  },
  {
    "formula": "XFa"
  },
  {
    "formula": "XGa"
  },
  {
    "formula": "((a) M ((a | b)))"
  },
  {
    "formula": "((a) R ((a | b)))"
  },
  {
    "formula": "((a) R (((b) R (c))))"
  },
  {
    "formula": "((Ga) R (Fb))"
  },
  {
    "formula": "((((a) R (b))) R (c))"
  },
  {
    "formula": "((a) U ((a \u0026 b)))"
  },
  {
    "formula": "((a) U (((b) U (c))))"
  },
  {
    "formula": "((Fa) U (Gb))"
  },
  {
    "formula": "((((a) U (b))) U (c))"
  },
  {
    "formula": "((a) W ((a \u0026 b)))"
  },
  {
    "formula": "(a \u0026 (Fb | Ga))"
  },
  {
    "formula": "(a \u0026 FGa)"
  },
  {
    "formula": "(a \u0026 XG!a)"
  },
  {
    "formula": "(Fa \u0026 (a | Gb))"
  },
  {
    "formula": "(Fa \u0026 FGa)"
  },
  {
    "formula": "(Fa \u0026 GFb)"
  },
  {
    "formula": "(Fa \u0026 XF!a)"
  },
  {
    "formula": "(Fa \u0026 XFb)"
  },
  {
    "formula": "(Fa \u0026 ((((a) R (b))) M (!a)))"
  },
  {
    "formula": "(Fa \u0026 ((b) R ((!a \u0026 c))))"
  },
  {
    "formula": "(Fa \u0026 (((a \u0026 b)) R (b)))"
  },
  {
    "formula": "(F!a \u0026 XFa)"
  },
  {
    "formula": "(Ga \u0026 G(b | c))"
  },
  {
    "formula": "(Ga \u0026 GFb)"
  },
  {
    "formula": "(G!a \u0026 ((a \u0026 b) | (!a \u0026 !b)))"
  },
  {
    "formula": "((Fa | Gb) \u0026 (Fb | Gc))"
  },
  {
    "formula": "((Fa | G!b) \u0026 (Fb | G!a))"
  },
  {
    "formula": "(FGa \u0026 FGb)"
  },
  {
    "formula": "(FGa \u0026 GFb)"
  },
  {
    "formula": "(G(a | b) \u0026 GFb)"
  },
  {
    "formula": "(G(a | b) \u0026 GFc)"
  },
  {
    "formula": "(GFa \u0026 GF!a)"
  },
  {
    "formula": "(GFa \u0026 GFb)"
  },
  {
    "formula": "(GFa \u0026 XGb)"
  },
  {
    "formula": "(Ga \u0026 Gb \u0026 GFc)"
  },
  {
    "formula": "(Ga \u0026 G(b | c) \u0026 GFc)"
  },
  {
    "formula": "(Ga \u0026 GFb \u0026 GFc)"
  },
  {
    "formula": "((Fa | Gb) \u0026 (Fb | Gc) \u0026 (Fc | Gd))"
  },
  {
    "formula": "(FGa \u0026 FGb \u0026 FGc)"
  },
  {
    "formula": "(FGa \u0026 FGb \u0026 GFc)"
  },
  {
    "formula": "(FGa \u0026 GFb \u0026 GFc)"
  },
  {
    "formula": "(G(a | b) \u0026 GFb \u0026 GFc)"
  },
  {
    "formula": "(GFa \u0026 GFb \u0026 GFc)"
  },
  {
    "formula": "(((a) R (((b) R (c)))) \u0026 ((b) R (((c) R (a)))) \u0026 ((c) R (((a) R (b)))))"
  },
  {
    "formula": "(Fa \u0026 Fb \u0026 GFc \u0026 GFd)"
  },
  {
    "formula": "(Ga \u0026 GFb \u0026 GFc \u0026 GFd)"
  },
  {
    "formula": "((Fa | Gb) \u0026 (Fb | Gc) \u0026 (Fc | Gd) \u0026 (Fd | Ge))"
  },
  {
    "formula": "(FGa \u0026 FGb \u0026 FGc \u0026 FGd)"
  },
  {
    "formula": "(FGa \u0026 GFb \u0026 GFc \u0026 GFd)"
  },
  {
    "formula": "(GFa \u0026 GFb \u0026 GFc \u0026 GFd)"
  },
  {
    "formula": "(FGa \u0026 FGb \u0026 FGc \u0026 FGd \u0026 FGe)"
  },
  {
    "formula": "(FGa \u0026 GFb \u0026 GFc \u0026 GFd \u0026 GFe)"
  },
  {
    "formula": "(GFa \u0026 GFb \u0026 GFc \u0026 GFd \u0026 GFe)"
  },
  {
    "formula": "(Fa \u0026 Fb \u0026 Fc \u0026 GFd \u0026 GFe \u0026 GFf)"
  },
  {
    "formula": "(FGa \u0026 GFb \u0026 GFc \u0026 GFd \u0026 GFe \u0026 GFf)"
  },
  {
    "formula": "(GFa \u0026 GFb \u0026 GFc \u0026 GFd \u0026 GFe \u0026 GFf \u0026 GFg \u0026 GFh \u0026 GFi)"
  },
  {
    "formula": "(a | (Fa \u0026 Gb))"
  },
  {
    "formula": "(a | GFa)"
  },
  {
    "formula": "(!a | XFa)"
  },
  {
    "formula": "(Fa | ((a | b) \u0026 (!a | !b)))"
  },
  {
    "formula": "(Fa | F(b \u0026 c))"
  },
  {
    "formula": "(Fa | FGb)"
  },
  {
    "formula": "(Fa | XF!a)"
  },
  {
    "formula": "(F!a | XFa)"
  },
  {
    "formula": "(Ga | (a \u0026 Fb))"
  },
  {
    "formula": "(Ga | FGb)"
  },
  {
    "formula": "(Ga | GFa)"
  },
  {
    "formula": "(Ga | XG!a)"
  },
  {
    "formula": "(Ga | XGb)"
  },
  {
    "formula": "(Ga | (((a | b)) U (b)))"
  },
  {
    "formula": "(G!a | XGa)"
  },
  {
    "formula": "(G!a | ((b) U ((a | c))))"
  },
  {
    "formula": "(G!a | ((((!a) U (b))) W (a)))"
  },
  {
    "formula": "((Fa \u0026 Gb) | (Fc \u0026 Ga))"
  },
  {
    "formula": "((Fa \u0026 G!b) | (Fb \u0026 G!a))"
  },
  {
    "formula": "(F(a \u0026 b) | FGb)"
  },
  {
    "formula": "(F(a \u0026 b) | FGc)"
  },
  {
    "formula": "(FGa | FG!a)"
  },
  {
    "formula": "(FGa | FGb)"
  },
  {
    "formula": "(FGa | GFb)"
  },
  {
    "formula": "(FGa | XFb)"
  },
  {
    "formula": "(GFa | GFb)"
  },
  {
    "formula": "(((a) U (Ga)) | ((b) U (Gb)))"
  },
  {
    "formula": "(Fa | Fb | FGc)"
  },
  {
    "formula": "(Fa | F(b \u0026 c) | FGc)"
  },
  {
    "formula": "(Fa | FGb | FGc)"
  },
  {
    "formula": "((Fa \u0026 Gb) | (Fc \u0026 Ga) | (Fd \u0026 Gc))"
  },
  {
    "formula": "(F(a \u0026 b) | FGb | FGc)"
  },
  {
    "formula": "(FGa | FGb | FGc)"
  },
  {
    "formula": "(FGa | FGb | GFc)"
  },
  {
    "formula": "(FGa | GFb | GFc)"
  },
  {
    "formula": "(GFa | GFb | GFc)"
  },
  {
    "formula": "(((a) U (((b) U (c)))) | ((b) U (((c) U (a)))) | ((c) U (((a) U (b)))))"
  },
  {
    "formula": "(Fa | FGb | FGc | FGd)"
  },
  {
    "formula": "(Ga | Gb | FGc | FGd)"
  },
  {
    "formula": "((Fa \u0026 Gb) | (Fc \u0026 Ga) | (Fd \u0026 Gc) | (Fe \u0026 Gd))"
  },
  {
    "formula": "(FGa | FGb | FGc | FGd)"
  },
  {
    "formula": "(FGa | FGb | FGc | GFd)"
  },
  {
    "formula": "(GFa | GFb | GFc | GFd)"
  },
  {
    "formula": "(FGa | FGb | FGc | FGd | FGe)"
  },
  {
    "formula": "(FGa | FGb | FGc | FGd | GFe)"
  },
  {
    "formula": "(GFa | GFb | GFc | GFd | GFe)"
  },
  {
    "formula": "(Ga | Gb | Gc | FGd | FGe | FGf)"
  },
  {
    "formula": "(FGa | FGb | FGc | FGd | FGe | GFf)"
  },
  {
    "formula": "(FGa | FGb | FGc | FGd | FGe | FGf | FGg | FGh | FGi)"
  },
  {
    "formula": "F(a \u0026 (a | b))"
  },
  {
    "formula": "F(a \u0026 Fb)"
  },
  {
    "formula": "F(a \u0026 Gb)"
  },
  {
    "formula": "F(a \u0026 Xb)"
  },
  {
    "formula": "F(a \u0026 ((b) M (c)))"
  },
  {
    "formula": "F(a \u0026 ((!a) R (b)))"
  },
  {
    "formula": "F(a \u0026 ((b) R (c)))"
  },
  {
    "formula": "F(a \u0026 ((b) U (c)))"
  },
  {
    "formula": "F(a \u0026 ((b) W (c)))"
  },
  {
    "formula": "F(Ga \u0026 ((b) M (c)))"
  },
  {
    "formula": "F(Ga \u0026 ((b) R (c)))"
  },
  {
    "formula": "F(Ga \u0026 ((b) U (c)))"
  },
  {
    "formula": "F(Ga \u0026 ((b) W (c)))"
  },
  {
    "formula": "F(a \u0026 b \u0026 (c | d | e))"
  },
  {
    "formula": "F(a \u0026 b \u0026 Xc)"
  },
  {
    "formula": "F(a \u0026 b \u0026 ((c) M (b)))"
  },
  {
    "formula": "F(a \u0026 (b | !c) \u0026 (!b | c))"
  },
  {
    "formula": "F(a \u0026 Fb \u0026 ((c) R (!b)))"
  },
  {
    "formula": "F(a \u0026 Gb \u0026 Gc)"
  },
  {
    "formula": "F(a \u0026 !b \u0026 Fb \u0026 ((c) R (!b)))"
  },
  {
    "formula": "F(a \u0026 (b | !c) \u0026 (!b | c) \u0026 (d | e | f | g))"
  },
  {
    "formula": "F(a \u0026 Gb \u0026 Gc \u0026 Gd)"
  },
  {
    "formula": "F(a \u0026 !b \u0026 c \u0026 Xa \u0026 Xb \u0026 Xd)"
  },
  {
    "formula": "FG(a | b)",
    "properties": {
      "size": 2,
      "initialStatesSize": 1,
      "acceptanceName": "BuchiAcceptance",
      "acceptanceSets": 1,
      "complete": false,
      "deterministic": false
    }
  },
  {
    "formula": "G(a | (a \u0026 b))"
  },
  {
    "formula": "G(a | Fb)"
  },
  {
    "formula": "G(a | Gb)"
  },
  {
    "formula": "G(a | Xb)"
  },
  {
    "formula": "G(a | ((b) M (c)))"
  },
  {
    "formula": "G(a | ((b) R (c)))"
  },
  {
    "formula": "G(a | ((b) U (c)))"
  },
  {
    "formula": "G(a | ((b) W (c)))"
  },
  {
    "formula": "G(!a | ((a) U (b)))"
  },
  {
    "formula": "G(Fa | ((b) M (c)))"
  },
  {
    "formula": "G(Fa | ((b) R (c)))"
  },
  {
    "formula": "G(Fa | ((b) U (c)))"
  },
  {
    "formula": "G(Fa | ((b) W (c)))"
  },
  {
    "formula": "G(a | b | (c \u0026 d \u0026 e))"
  },
  {
    "formula": "G(a | b | Xc)"
  },
  {
    "formula": "G(a | b | ((c) W (b)))"
  },
  {
    "formula": "G(a | (b \u0026 !c) | (!b \u0026 c))"
  },
  {
    "formula": "G(a | Fb | Fc)"
  },
  {
    "formula": "G(a | G!b | ((c) U (b)))"
  },
  {
    "formula": "G(a | b | G!b | ((c) U (b)))"
  },
  {
    "formula": "G(a | (b \u0026 !c) | (!b \u0026 c) | (d \u0026 e \u0026 f \u0026 g))"
  },
  {
    "formula": "G(a | Fb | Fc | Fd)"
  },
  {
    "formula": "G(a | b | c | Xa | X!b | Xd)"
  },
  {
    "formula": "GF(a \u0026 b)"
  },
  {
    "formula": "XF(a \u0026 b)"
  },
  {
    "formula": "XG(a | b)"
  },
  {
    "formula": "XXFa"
  },
  {
    "formula": "XXGa"
  },
  {
    "formula": "((((a) R (Fb))) M (a))"
  },
  {
    "formula": "((a) R ((b | Fc)))"
  },
  {
    "formula": "((a) R ((b | Ga)))"
  },
  {
    "formula": "((a) R (((b) R (((c) R (d))))))"
  },
  {
    "formula": "(((Ga \u0026 Xb)) R (b))"
  },
  {
    "formula": "(((F!a | Xb)) R ((Fc \u0026 Xa)))"
  },
  {
    "formula": "((((((a) R (b))) R (c))) R (d))"
  },
  {
    "formula": "((a) U ((b \u0026 Fa)))"
  },
  {
    "formula": "((a) U ((b \u0026 Gc)))"
  },
  {
    "formula": "((a) U (((b) U (((c) U (d))))))"
  },
  {
    "formula": "(((Ga \u0026 Xb)) U ((Gc | X!a)))"
  },
  {
    "formula": "(((Fa | Xb)) U (b))"
  },
  {
    "formula": "((((((a) U (b))) U (c))) U (d))"
  },
  {
    "formula": "((((a) U (Gb))) W (a))"
  },
  {
    "formula": "(!a \u0026 ((b) M ((!a \u0026 ((b) M (a))))))"
  },
  {
    "formula": "(Fa \u0026 (a | GFb))"
  },
  {
    "formula": "(Fa \u0026 (FGb | GFa))"
  },
  {
    "formula": "(Fa \u0026 G(!a | Gb))"
  },
  {
    "formula": "(Fa \u0026 G(!a | ((b) M (c))))"
  },
  {
    "formula": "(Fa \u0026 XXXb)"
  },
  {
    "formula": "(Fa \u0026 ((Gb) M ((b | Xb))))"
  },
  {
    "formula": "(Fa \u0026 ((((a) R ((a | b)))) R (!a)))"
  },
  {
    "formula": "(Ga \u0026 F(b \u0026 Xc))"
  },
  {
    "formula": "(X!a \u0026 (b | Fc | ((((d) R (!b))) U (Xa))))"
  },
  {
    "formula": "(((a) R (b)) \u0026 F(c \u0026 Xa))"
  },
  {
    "formula": "(FGa \u0026 (Ga | ((b) U (Ga))))"
  },
  {
    "formula": "(GFa \u0026 (F!a | FGb))"
  },
  {
    "formula": "(GFa \u0026 (FGb | FGc))"
  },
  {
    "formula": "(GFa \u0026 (FGb | GFc))"
  },
  {
    "formula": "(GFa \u0026 FG(b | c))"
  },
  {
    "formula": "(GFa \u0026 G(a | Xb))"
  },
  {
    "formula": "(GFa \u0026 G(b | Xa))"
  },
  {
    "formula": "(GFa \u0026 XG(a | b))"
  },
  {
    "formula": "(((X!a) R (!b)) \u0026 X((a) U ((a \u0026 b))))"
  },
  {
    "formula": "((!a | ((b) U (Xa))) \u0026 (Fc | ((b) R (X!a))))"
  },
  {
    "formula": "((FGa | FG!b) \u0026 (FG!a | GFb))"
  },
  {
    "formula": "((FGa | GFb) \u0026 (FGc | GFa))"
  },
  {
    "formula": "((FGa | GFb) \u0026 (FGc | GFd))"
  },
  {
    "formula": "((FG!a | GFb) \u0026 (FG!b | GFa))"
  },
  {
    "formula": "((FG!a | GF!b) \u0026 (FGb | GFa))"
  },
  {
    "formula": "((GFa | GFb) \u0026 (GFa | GFc))"
  },
  {
    "formula": "(G(a | Xa) \u0026 G(!a | X!a))"
  },
  {
    "formula": "(G(a | Xb) \u0026 G(!a | X!b))"
  },
  {
    "formula": "(G(a | Xb) \u0026 G(c | Xd))"
  },
  {
    "formula": "(Fa \u0026 FGb \u0026 (Ga | GFb))"
  },
  {
    "formula": "(Ga \u0026 FGb \u0026 (Fc | XFd))"
  },
  {
    "formula": "(G!a \u0026 GFb \u0026 G(b | Xa))"
  },
  {
    "formula": "((Ga | Gb | Gc) \u0026 (FG!d | GFe | GF!f) \u0026 (FGf | GFd | GFe))"
  },
  {
    "formula": "(FGa \u0026 FGb \u0026 GF(a \u0026 b))"
  },
  {
    "formula": "(FGa \u0026 GFb \u0026 (FGc | GFd))"
  },
  {
    "formula": "(GFa \u0026 GFb \u0026 (FGc | FGd))"
  },
  {
    "formula": "(GFa \u0026 GFb \u0026 FG(a | b))"
  },
  {
    "formula": "(GFa \u0026 GFb \u0026 GF(c \u0026 d))"
  },
  {
    "formula": "((FGa | GFb) \u0026 (FGc | GFa) \u0026 (FGd | GFc))"
  },
  {
    "formula": "((FGa | GFb) \u0026 (FGc | GFd) \u0026 (FGe | GFf))"
  },
  {
    "formula": "(FG(a | b) \u0026 FG(c | d) \u0026 FG(e | f))"
  },
  {
    "formula": "(G(a | Xb) \u0026 G(c | Xd) \u0026 G(e | Xf))"
  },
  {
    "formula": "(GF(a \u0026 b) \u0026 GF(c \u0026 d) \u0026 GF(e \u0026 f))"
  },
  {
    "formula": "(FGa \u0026 FGb \u0026 FGc \u0026 (FGa | GFa | GFb))"
  },
  {
    "formula": "(FGa \u0026 FGb \u0026 GFb \u0026 GF(a \u0026 b))"
  },
  {
    "formula": "(GFa \u0026 (a | GFb) \u0026 (c | GFd) \u0026 (FGa | GFc))"
  },
  {
    "formula": "((FGa | GFb) \u0026 (FGc | GFa) \u0026 (FGd | GFc) \u0026 (FGe | GFd))"
  },
  {
    "formula": "(G(a | Fb) \u0026 G(c | Fd) \u0026 G(e | Ff) \u0026 G(g | Fh))"
  },
  {
    "formula": "(a | ((b) W ((a | ((b) W (!a))))))"
  },
  {
    "formula": "(Fa | G(b | Xc))"
  },
  {
    "formula": "(Ga | (a \u0026 FGb))"
  },
  {
    "formula": "(Ga | (FGa \u0026 GFb))"
  },
  {
    "formula": "(Ga | XXXb)"
  },
  {
    "formula": "(Ga | ((Fb) W ((b \u0026 Xb))))"
  },
  {
    "formula": "(G!a | F(a \u0026 Fb))"
  },
  {
    "formula": "(G!a | F(a \u0026 ((b) W (c))))"
  },
  {
    "formula": "(G!a | ((((!a) U ((!a \u0026 b)))) U (a)))"
  },
  {
    "formula": "(Xa | (!b \u0026 Gc \u0026 ((((d) U (b))) R (X!a))))"
  },
  {
    "formula": "(((a) U (b)) | G(c | Xa))"
  },
  {
    "formula": "(FGa | (FGb \u0026 GFc))"
  },
  {
    "formula": "(FGa | (GFb \u0026 GFc))"
  },
  {
    "formula": "(FGa | F(a \u0026 Xb))"
  },
  {
    "formula": "(FGa | F(b \u0026 Xa))"
  },
  {
    "formula": "(FGa | GF(b \u0026 c))"
  },
  {
    "formula": "(FGa | XF(a \u0026 b))"
  },
  {
    "formula": "(FG!a | (Ga \u0026 GFb))"
  },
  {
    "formula": "(GFa | (Fa \u0026 ((b) R (Fa))))"
  },
  {
    "formula": "(((Xa) U (b)) | X((!a) R ((!a | !b))))"
  },
  {
    "formula": "((a \u0026 ((b) R (X!a))) | (Gc \u0026 ((b) U (Xa))))"
  },
  {
    "formula": "((FGa \u0026 FGb) | (FGa \u0026 FGc))"
  },
  {
    "formula": "((FGa \u0026 GFb) | (FGc \u0026 GFa))"
  },
  {
    "formula": "((FGa \u0026 GFb) | (FGc \u0026 GFd))"
  },
  {
    "formula": "((FG!a \u0026 GFb) | (FG!b \u0026 GFa))"
  },
  {
    "formula": "((FG!a \u0026 GFb) | (GFa \u0026 GF!b))"
  },
  {
    "formula": "((FG!a \u0026 GF!b) | (FGb \u0026 GFa))"
  },
  {
    "formula": "(F(a \u0026 Xa) | F(!a \u0026 X!a))"
  },
  {
    "formula": "(F(a \u0026 Xb) | F(!a \u0026 X!b))"
  },
  {
    "formula": "(F(a \u0026 Xb) | F(c \u0026 Xd))"
  },
  {
    "formula": "(Fa | FGb | F(b \u0026 X!a))"
  },
  {
    "formula": "(Fa | GFb | (Gc \u0026 XGd))"
  },
  {
    "formula": "(Ga | GFb | (Fa \u0026 FGb))"
  },
  {
    "formula": "((Fa \u0026 Fb \u0026 Fc) | (FG!d \u0026 FGe \u0026 GF!f) | (FGe \u0026 FGf \u0026 GFd))"
  },
  {
    "formula": "(FGa | FGb | (GFc \u0026 GFd))"
  },
  {
    "formula": "(FGa | FGb | FG(c | d))"
  },
  {
    "formula": "(FGa | FGb | GF(a \u0026 b))"
  },
  {
    "formula": "(FGa | GFb | (FGc \u0026 GFd))"
  },
  {
    "formula": "(GFa | GFb | FG(a | b))"
  },
  {
    "formula": "((FGa \u0026 GFb) | (FGb \u0026 GFc) | (FGd \u0026 GFa))"
  },
  {
    "formula": "((FGa \u0026 GFb) | (FGc \u0026 GFd) | (FGe \u0026 GFf))"
  },
  {
    "formula": "(F(a \u0026 Xb) | F(c \u0026 Xd) | F(e \u0026 Xf))"
  },
  {
    "formula": "(FG(a | b) | FG(c | d) | FG(e | f))"
  },
  {
    "formula": "(GF(a \u0026 b) | GF(c \u0026 d) | GF(e \u0026 f))"
  },
  {
    "formula": "(FGa | GFa | GFb | FG(a | b))"
  },
  {
    "formula": "(FGa | (a \u0026 FGb) | (c \u0026 FGd) | (FGc \u0026 GFa))"
  },
  {
    "formula": "(GFa | GFb | GFc | (FGa \u0026 FGb \u0026 GFa))"
  },
  {
    "formula": "((FGa \u0026 GFb) | (FGb \u0026 GFc) | (FGc \u0026 GFd) | (FGe \u0026 GFa))"
  },
  {
    "formula": "(F(a \u0026 Gb) | F(c \u0026 Gd) | F(e \u0026 Gf) | F(g \u0026 Gh))"
  },
  {
    "formula": "F(a \u0026 (b | ((c) R (d))))"
  },
  {
    "formula": "F(a \u0026 G(!a | b))"
  },
  {
    "formula": "F(a \u0026 G(b | c))"
  },
  {
    "formula": "F(a \u0026 X(!a \u0026 b))"
  },
  {
    "formula": "F(a \u0026 XGb)"
  },
  {
    "formula": "F(a \u0026 XXb)"
  },
  {
    "formula": "F(a \u0026 X((a) R (b)))"
  },
  {
    "formula": "F(a \u0026 X((b) U (c)))"
  },
  {
    "formula": "F(a \u0026 ((b) U ((b \u0026 c))))"
  },
  {
    "formula": "F(!a \u0026 ((a) R (X!a)))"
  },
  {
    "formula": "F((a | !b) \u0026 (Ga | Gb | Gc))"
  },
  {
    "formula": "F(Fa \u0026 (Fb | Gb))"
  },
  {
    "formula": "F(((a) U (b)) \u0026 (Fc | Ga))"
  },
  {
    "formula": "F((a | Fb) \u0026 (c | Fd))"
  },
  {
    "formula": "F((a | Gb) \u0026 (c | Gd))"
  },
  {
    "formula": "F((a | ((b) M (!c))) \u0026 (!a | ((!b) W (c))))"
  },
  {
    "formula": "F((Fa | Gb) \u0026 (((b) M (c)) | ((c) M (d))))"
  },
  {
    "formula": "F(a \u0026 b \u0026 ((c) M ((b \u0026 d))))"
  },
  {
    "formula": "F(a \u0026 b \u0026 ((b) U ((!a \u0026 b))))"
  },
  {
    "formula": "F(a \u0026 !b \u0026 ((b) M ((b | c))))"
  },
  {
    "formula": "F(a \u0026 !b \u0026 ((b) R ((b | c))))"
  },
  {
    "formula": "F(a \u0026 Gb \u0026 XGc)"
  },
  {
    "formula": "F(!a \u0026 Xa \u0026 X((!a) M (b)))"
  },
  {
    "formula": "F((a | Fb) \u0026 (c | Fd) \u0026 (e | Ff))"
  },
  {
    "formula": "F((a | Gb) \u0026 (b | Ga) \u0026 (c | Gd))"
  },
  {
    "formula": "F((a | Gb) \u0026 (c | Gd) \u0026 (e | Gf))"
  },
  {
    "formula": "F((a | X!a) \u0026 (b | Xb) \u0026 (!b | X!b))"
  },
  {
    "formula": "F(a \u0026 !b \u0026 Fb \u0026 ((c) R ((!b \u0026 d))))"
  },
  {
    "formula": "F(a \u0026 b \u0026 c \u0026 d \u0026 e \u0026 G(f | g | h | i))"
  },
  {
    "formula": "FG(a | (b \u0026 c))",
    "properties": {
      "size": 2,
      "initialStatesSize": 1,
      "acceptanceName": "BuchiAcceptance",
      "acceptanceSets": 1,
      "complete": false,
      "deterministic": false
    }
  },
  {
    "formula": "FG(a | Xb)",
    "properties": {
      "size": 3,
      "initialStatesSize": 1,
      "acceptanceName": "BuchiAcceptance",
      "acceptanceSets": 1,
      "complete": false,
      "deterministic": false
    }
  },
  {
    "formula": "FG(a | ((a) R (b)))",
    "properties": {
      "size": 3,
      "initialStatesSize": 1,
      "acceptanceName": "BuchiAcceptance",
      "acceptanceSets": 1,
      "complete": false,
      "deterministic": false
    }
  },
  {
    "formula": "G(a | (b \u0026 ((c) U (d))))"
  },
  {
    "formula": "G(a | F(b \u0026 c))"
  },
  {
    "formula": "G(a | XFb)"
  },
  {
    "formula": "G(a | XXb)"
  },
  {
    "formula": "G(a | X((b) R (c)))"
  },
  {
    "formula": "G(a | X((a) U (b)))"
  },
  {
    "formula": "G(a | ((b) R ((b | c))))"
  },
  {
    "formula": "G(a | ((!a) U (Xa)))"
  },
  {
    "formula": "G(!a | F(a \u0026 b))"
  },
  {
    "formula": "G(!a | X(a | b))"
  },
  {
    "formula": "G((a \u0026 b) | (Fa \u0026 F!b \u0026 Fc))"
  },
  {
    "formula": "G(Ga | (Fb \u0026 Gb))"
  },
  {
    "formula": "G(((a) R (b)) | (Fa \u0026 Gc))"
  },
  {
    "formula": "G((a \u0026 Fb) | (c \u0026 Fd))"
  },
  {
    "formula": "G((a \u0026 Gb) | (c \u0026 Gd))"
  },
  {
    "formula": "G((a \u0026 ((b) M (!c))) | (!a \u0026 ((!b) W (c))))"
  },
  {
    "formula": "G((Fa \u0026 Gb) | (((a) W (c)) \u0026 ((c) W (d))))"
  },
  {
    "formula": "G(a | b | ((!b) U ((!b \u0026 c))))"
  },
  {
    "formula": "G(a | b | ((!b) W ((!b \u0026 c))))"
  },
  {
    "formula": "G(a | b | ((c) W ((b | d))))"
  },
  {
    "formula": "G(a | Fb | XFc)"
  },
  {
    "formula": "G(a | X!a | X((a) W (b)))"
  },
  {
    "formula": "G(!a | b | ((b) R ((a | b))))"
  },
  {
    "formula": "G((a \u0026 Fb) | (b \u0026 Fa) | (c \u0026 Fd))"
  },
  {
    "formula": "G((a \u0026 Fb) | (c \u0026 Fd) | (e \u0026 Ff))"
  },
  {
    "formula": "G((a \u0026 Gb) | (c \u0026 Gd) | (e \u0026 Gf))"
  },
  {
    "formula": "G((!a \u0026 Xa) | (b \u0026 Xb) | (!b \u0026 X!b))"
  },
  {
    "formula": "G(a | b | G!b | ((c) U ((b | d))))"
  },
  {
    "formula": "G(a | b | c | d | e | F(f \u0026 g \u0026 h \u0026 i))"
  },
  {
    "formula": "GF(a \u0026 (b | c))"
  },
  {
    "formula": "GF(a \u0026 Xb)"
  },
  {
    "formula": "GF(a \u0026 ((a) U (b)))"
  },
  {
    "formula": "XF(a \u0026 Gb)"
  },
  {
    "formula": "XF(a \u0026 b \u0026 ((!b) M (c)))"
  },
  {
    "formula": "XF(a \u0026 !b \u0026 ((b) M (c)))"
  },
  {
    "formula": "XG(a | Fb)"
  },
  {
    "formula": "XG(a | b | ((!b) W (c)))"
  },
  {
    "formula": "XG(a | !b | ((b) W (c)))"
  },
  {
    "formula": "((a) M ((a | b | X((a) R (c)))))"
  },
  {
    "formula": "((a) R ((b | X((c) R (d)))))"
  },
  {
    "formula": "((a) R ((F(b \u0026 c) | F(b \u0026 d) | F(b \u0026 e) | F(c \u0026 d) | F(c \u0026 e) | F(d \u0026 e))))"
  },
  {
    "formula": "((a) R (((b) R (((c) R (((d) R (e))))))))"
  },
  {
    "formula": "((Xa) R (((((Gb) R (c))) W (d))))"
  },
  {
    "formula": "((((F!a \u0026 X!b) | (Ga \u0026 Xb))) R ((Fc \u0026 Xa)))"
  },
  {
    "formula": "((X((((a) R (b))) U (c))) R (((a) U (c))))"
  },
  {
    "formula": "((((((((a) R (b))) R (c))) R (d))) R (e))"
  },
  {
    "formula": "((a) U ((b \u0026 X((c) U (d)))))"
  },
  {
    "formula": "((a) U ((G(b | c) \u0026 G(b | d) \u0026 G(b | e) \u0026 G(c | d) \u0026 G(c | e) \u0026 G(d | e))))"
  },
  {
    "formula": "((a) U (((b) U (((c) U (((d) U (e))))))))"
  },
  {
    "formula": "((Xa) U (((((Fb) U (c))) M (d))))"
  },
  {
    "formula": "((((F!a | X!b) \u0026 (Ga | Xb))) U ((Gc | X!a)))"
  },
  {
    "formula": "((X((((a) U (b))) R (c))) U (((a) R (c))))"
  },
  {
    "formula": "((((((((a) U (b))) U (c))) U (d))) U (e))"
  },
  {
    "formula": "((a) W ((a \u0026 b \u0026 X((a) U (c)))))"
  },
  {
    "formula": "(a \u0026 F(b \u0026 (a | Gb)))"
  },
  {
    "formula": "(Fa \u0026 (FGb | (FGa \u0026 FGc)))"
  },
  {
    "formula": "(Fa \u0026 XF(b \u0026 Xc))"
  },
  {
    "formula": "(Fa \u0026 (((b \u0026 ((a) R ((a | c))))) R (!a)))"
  },
  {
    "formula": "(Xa \u0026 G(a | X!a | XXa))"
  },
  {
    "formula": "(((a) R (b)) \u0026 F(a \u0026 XFc))"
  },
  {
    "formula": "(((!a) R (!b)) \u0026 (Gc | ((Fa) W ((b \u0026 Xa)))))"
  },
  {
    "formula": "((Fa | Gb) \u0026 (Fa | G(Fa | Gb)))"
  },
  {
    "formula": "(FGa \u0026 G(a | XGa))"
  },
  {
    "formula": "(FGa \u0026 GF(a \u0026 Xa))"
  },
  {
    "formula": "(FG!a \u0026 (F(b \u0026 X!a) | F(!b \u0026 Xa)))"
  },
  {
    "formula": "(GFa \u0026 (Gb | (a \u0026 GFa)))"
  },
  {
    "formula": "(GFa \u0026 FG(b | Xc))"
  },
  {
    "formula": "(GFa \u0026 G(b | F(b \u0026 c)))"
  },
  {
    "formula": "((((a | b)) R (c)) \u0026 G(d | (((a | b)) R (c))))"
  },
  {
    "formula": "((FGa | GFb) \u0026 (GFc | (FGd \u0026 FGe)))"
  },
  {
    "formula": "((FGa | GFb) \u0026 (FGc | GFd | (FGe \u0026 GFf)))"
  },
  {
    "formula": "((FGa | GFb | GFc) \u0026 (GFc | (FGa \u0026 FGb \u0026 FGd)))"
  },
  {
    "formula": "((FG!a | FG!b | FG!c) \u0026 (GFc | (GFa \u0026 GFb)))"
  },
  {
    "formula": "((FG!a | FG!b | FG!c | FG!d) \u0026 (GFc | (GFa \u0026 GFb \u0026 GFd)))"
  },
  {
    "formula": "((FG!a | FG!b | FG!c | FG!d | FG!e) \u0026 (GFc | (GFa \u0026 GFb \u0026 GFd \u0026 GFe)))"
  },
  {
    "formula": "(G(!a | Fb) \u0026 (((Xa) U (b)) | X((!a) R ((!a | !b)))))"
  },
  {
    "formula": "(GF(!a \u0026 b) \u0026 GF(a \u0026 Xb))"
  },
  {
    "formula": "((Fa | X(F!b \u0026 G!a)) \u0026 (G!a | X(Fa | Gb)))"
  },
  {
    "formula": "((((a) R (b)) | (FGa \u0026 GFb) | (FGc \u0026 GFd)) \u0026 (((a) R (c)) | (FGa \u0026 GFd) | (FGc \u0026 GFb)))"
  },
  {
    "formula": "((FGa | XFb | GF(a \u0026 c)) \u0026 (FGd | XXe | GF(d \u0026 f)))"
  },
  {
    "formula": "(FG(a | ((!b) M (!a))) \u0026 FG(!a | ((b) W (a))))"
  },
  {
    "formula": "(G(a | XGb) \u0026 G(c | XG!b))"
  },
  {
    "formula": "(G(a | XXb) \u0026 G(c | XXd))"
  },
  {
    "formula": "(GF(a \u0026 Xb) \u0026 GF(c \u0026 Xd))"
  },
  {
    "formula": "(Fa \u0026 Fb \u0026 ((Fa \u0026 FG!c) | (Fb \u0026 FGc)))"
  },
  {
    "formula": "(Fa \u0026 Fb \u0026 ((Fa \u0026 GF!c) | (Fb \u0026 GFc)))"
  },
  {
    "formula": "(Ga \u0026 (GFb | GFc) \u0026 G(d | ((!d) U ((b | c)))))"
  },
  {
    "formula": "(FGa \u0026 GFb \u0026 FG(b | X!a))"
  },
  {
    "formula": "(FGa \u0026 GFb \u0026 GF(a \u0026 Xb))"
  },
  {
    "formula": "(GFa \u0026 GF!a \u0026 G(a | XFb))"
  },
  {
    "formula": "(GFa \u0026 GFb \u0026 GF(c \u0026 Xd))"
  },
  {
    "formula": "(G(a | XXb) \u0026 G(c | XXd) \u0026 G(e | XXf))"
  },
  {
    "formula": "(GF(a \u0026 Xb) \u0026 GF(c \u0026 Xd) \u0026 GF(e \u0026 Xf))"
  },
  {
    "formula": "(GFa \u0026 GFb \u0026 (FGc | GFd) \u0026 GF(d \u0026 X!c))"
  },
  {
    "formula": "(FG(a | X!a) \u0026 FG(!a | Xa) \u0026 FG(b | X!b) \u0026 FG(!b | Xb))"
  },
  {
    "formula": "(FG(a | X!a) \u0026 FG(!a | Xa) \u0026 FG(b | X!b) \u0026 FG(!b | Xb) \u0026 FG(c | X!c) \u0026 FG(!c | Xc) \u0026 FG(d | X!d) \u0026 FG(!d | Xd))"
  },
  {
    "formula": "(a | G(b | (a \u0026 Fb)))"
  },
  {
    "formula": "(Ga | (GFb \u0026 (GFa | GFc)))"
  },
  {
    "formula": "(Ga | XG(b | Xc))"
  },
  {
    "formula": "(G!a | (((b | ((!a) U ((!a \u0026 c))))) U (a)))"
  },
  {
    "formula": "(X!a | F(!a \u0026 Xa \u0026 XX!a))"
  },
  {
    "formula": "(((a) U (b)) | (Fc \u0026 ((G!a) M ((!b | X!a)))))"
  },
  {
    "formula": "(((a) U (b)) | G(a | XGc))"
  },
  {
    "formula": "((Fa \u0026 Gb) | (Gb \u0026 F(Fa \u0026 Gb)))"
  },
  {
    "formula": "(FGa | (Fb \u0026 (a | FGa)))"
  },
  {
    "formula": "(FGa | F(b \u0026 G(b | c)))"
  },
  {
    "formula": "(FGa | GF(b \u0026 Xc))"
  },
  {
    "formula": "(GFa | (G(b | X!a) \u0026 G(!b | Xa)))"
  },
  {
    "formula": "(GFa | F(a \u0026 XFa))"
  },
  {
    "formula": "(GFa | FG(a | Xa))"
  },
  {
    "formula": "((((a \u0026 b)) U (c)) | F(d \u0026 (((a \u0026 b)) U (c))))"
  },
  {
    "formula": "((FGa \u0026 GFb) | (FGc \u0026 (GFd | GFe)))"
  },
  {
    "formula": "((FGa \u0026 GFb) | (FGc \u0026 GFd \u0026 (FGe | GFf)))"
  },
  {
    "formula": "((FGa \u0026 FGb \u0026 GFc) | (FGb \u0026 (GFa | GFc | GFd)))"
  },
  {
    "formula": "((GFa \u0026 GFb \u0026 GFc) | (FG!c \u0026 (FG!a | FG!b)))"
  },
  {
    "formula": "((GFa \u0026 GFb \u0026 GFc \u0026 GFd) | (FG!c \u0026 (FG!a | FG!b | FG!d)))"
  },
  {
    "formula": "((GFa \u0026 GFb \u0026 GFc \u0026 GFd \u0026 GFe) | (FG!c \u0026 (FG!a | FG!b | FG!d | FG!e)))"
  },
  {
    "formula": "(F(a \u0026 G!b) | (((X!a) R (!b)) \u0026 X((a) U ((a \u0026 b)))))"
  },
  {
    "formula": "(FG(a | b) | FG(!a | Xb))"
  },
  {
    "formula": "((Fa \u0026 X(F!b \u0026 G!a)) | (G!a \u0026 X(Fa | Gb)))"
  },
  {
    "formula": "((((a) U (b)) \u0026 (FGb | GFa) \u0026 (FGc | GFd)) | (((a) U (d)) \u0026 (FGb | GFd) \u0026 (FGc | GFa)))"
  },
  {
    "formula": "((GFa \u0026 XGb \u0026 FG(a | c)) | (GFd \u0026 XXe \u0026 FG(d | f)))"
  },
  {
    "formula": "(F(a \u0026 XF!b) | F(c \u0026 XFb))"
  },
  {
    "formula": "(F(a \u0026 XXb) | F(c \u0026 XXd))"
  },
  {
    "formula": "(FG(a | Xb) | FG(c | Xd))"
  },
  {
    "formula": "(GF(a \u0026 ((!b) M (!a))) | GF(!a \u0026 ((b) W (a))))"
  },
  {
    "formula": "(Fa | (FGb \u0026 FGc) | F(!d \u0026 ((d) R ((b \u0026 c)))))"
  },
  {
    "formula": "(Ga | Gb | ((Ga | FGc) \u0026 (Gb | FG!c)))"
  },
  {
    "formula": "(Ga | Gb | ((Ga | GFc) \u0026 (Gb | GF!c)))"
  },
  {
    "formula": "(FGa | FG!a | F(!a \u0026 XGb))"
  },
  {
    "formula": "(FGa | FGb | FG(c | Xd))"
  },
  {
    "formula": "(FGa | GFb | FG(b | Xa))"
  },
  {
    "formula": "(FGa | GF!b | GF(a \u0026 Xb))"
  },
  {
    "formula": "(F(a \u0026 XXb) | F(c \u0026 XXd) | F(e \u0026 XXf))"
  },
  {
    "formula": "(FG(a | Xb) | FG(c | Xd) | FG(e | Xf))"
  },
  {
    "formula": "(FGa | FGb | (FGc \u0026 GF!d) | FG(c | Xd))"
  },
  {
    "formula": "(GF(a \u0026 X!a) | GF(!a \u0026 Xa) | GF(b \u0026 X!b) | GF(!b \u0026 Xb))"
  },
  {
    "formula": "(GF(a \u0026 X!a) | GF(!a \u0026 Xa) | GF(b \u0026 X!b) | GF(!b \u0026 Xb) | GF(c \u0026 X!c) | GF(!c \u0026 Xc) | GF(d \u0026 X!d) | GF(!d \u0026 Xd))"
  },
  {
    "formula": "F(a \u0026 ((!a \u0026 !b) | GFb))"
  },
  {
    "formula": "F(a \u0026 (Ga | Gb | (c \u0026 Gd)))"
  },
  {
    "formula": "F(a \u0026 F(b \u0026 Gc))"
  },
  {
    "formula": "F(a \u0026 G(a | Xb))"
  },
  {
    "formula": "F(a \u0026 G(b | Ga))"
  },
  {
    "formula": "F(a \u0026 G(b | Xc))"
  },
  {
    "formula": "F(a \u0026 ((!a) R ((b | ((b) R (c))))))"
  },
  {
    "formula": "F(a \u0026 ((b) R ((Fc \u0026 Fd))))"
  },
  {
    "formula": "F(a \u0026 ((b) R (((!b) R ((!b | c))))))"
  },
  {
    "formula": "F(a \u0026 ((!b) R (((b) R ((c \u0026 d))))))"
  },
  {
    "formula": "F(a \u0026 ((a) W ((b \u0026 ((b) W (a))))))"
  },
  {
    "formula": "F(a \u0026 ((a) W ((b \u0026 ((c) W (a))))))"
  },
  {
    "formula": "F(Fa \u0026 (Gb | F(b \u0026 c)))"
  },
  {
    "formula": "F(Fa \u0026 (!a | b | X(!a \u0026 b)))"
  },
  {
    "formula": "F(F!a \u0026 (a | XF!a))"
  },
  {
    "formula": "F((a | X!a) \u0026 ((b \u0026 X!b) | (!b \u0026 Xb)))"
  },
  {
    "formula": "F((a | Xb) \u0026 (b | XGc))"
  },
  {
    "formula": "F((a | XXb) \u0026 (b | XXc) \u0026 (c | XGd))"
  },
  {
    "formula": "FG(a | XXb)",
    "properties": {
      "size": 5,
      "initialStatesSize": 1,
      "acceptanceName": "BuchiAcceptance",
      "acceptanceSets": 1,
      "complete": false,
      "deterministic": false
    }
  },
  {
    "formula": "FG(Xa | ((a) W (Xa)))",
    "properties": {
      "size": 3,
      "initialStatesSize": 1,
      "acceptanceName": "BuchiAcceptance",
      "acceptanceSets": 1,
      "complete": false,
      "deterministic": false
    }
  },
  {
    "formula": "FG(a | Xb | XXc)",
    "properties": {
      "size": 5,
      "initialStatesSize": 1,
      "acceptanceName": "BuchiAcceptance",
      "acceptanceSets": 1,
      "complete": false,
      "deterministic": false
    }
  },
  {
    "formula": "G(a | (Fa \u0026 Fb \u0026 (c | Fd)))"
  },
  {
    "formula": "G(a | F(a \u0026 Xb))"
  },
  {
    "formula": "G(a | F(b \u0026 Fa))"
  },
  {
    "formula": "G(a | F(b \u0026 Xc))"
  },
  {
    "formula": "G(a | G(b | Fc))"
  },
  {
    "formula": "G(a | ((a) M ((b | ((b) M (a))))))"
  },
  {
    "formula": "G(a | ((a) M ((b | ((c) M (a))))))"
  },
  {
    "formula": "G(a | ((b) U ((Gc | Gd))))"
  },
  {
    "formula": "G(a | ((b) U (((!b) U ((c | d))))))"
  },
  {
    "formula": "G(a | ((!b) U (((b) U ((b \u0026 c))))))"
  },
  {
    "formula": "G(!a | ((a | b) \u0026 FG!b))"
  },
  {
    "formula": "G(!a | ((a) U ((b \u0026 ((b) U (c))))))"
  },
  {
    "formula": "G(Ga | (!a \u0026 XGa))"
  },
  {
    "formula": "G(Ga | (Fb \u0026 G(b | c)))"
  },
  {
    "formula": "G(G!a | (a \u0026 b \u0026 X(a | b)))"
  },
  {
    "formula": "G((a \u0026 Xb) | (b \u0026 XFc))"
  },
  {
    "formula": "G((!a \u0026 Xa) | ((b | X!b) \u0026 (!b | Xb)))"
  },
  {
    "formula": "G((a \u0026 XXb) | (b \u0026 XXc) | (c \u0026 XFd))"
  },
  {
    "formula": "GF(a \u0026 XXb)"
  },
  {
    "formula": "GF(Xa \u0026 ((a) M (Xa)))"
  },
  {
    "formula": "GF(a \u0026 Xb \u0026 XXc)"
  },
  {
    "formula": "XF(a \u0026 Fb \u0026 ((Xb) R (c)))"
  },
  {
    "formula": "XG(a | Gb | ((Xb) U (c)))"
  },
  {
    "formula": "((a) M (((!a) M (((a) M (((!a) M (Fa))))))))"
  },
  {
    "formula": "((a) R (X(b | XGa)))"
  },
  {
    "formula": "(((a \u0026 Xb)) R (X((((((c) U (d))) R (a))) U (((c) R (a))))))"
  },
  {
    "formula": "((a) U (X(b \u0026 XFa)))"
  },
  {
    "formula": "(((a | Xb)) U (X((((((c) R (d))) U (a))) R (((c) U (a))))))"
  },
  {
    "formula": "((!a) W (((a) W (((!a) W (((a) W (G!a))))))))"
  },
  {
    "formula": "(a \u0026 ((FG!a \u0026 GFb) | (FGa \u0026 (GFa | GFb))))"
  },
  {
    "formula": "(Fa \u0026 ((b) M ((G!a \u0026 ((XXb) M (!a))))))"
  },
  {
    "formula": "(Fa \u0026 ((b) R ((!a \u0026 (b | c | X((b) R (d)))))))"
  },
  {
    "formula": "(Fa \u0026 (((!a \u0026 b \u0026 X((!a) U ((!a \u0026 c))))) R ((!a \u0026 d))))"
  },
  {
    "formula": "(FGa \u0026 (Ga | G(Xb | (a \u0026 Xa) | (!a \u0026 X!a))))"
  },
  {
    "formula": "((FGa | GFb) \u0026 (GFc | FG(d | Xe)))"
  },
  {
    "formula": "((FGa | GFb) \u0026 ((FGc \u0026 GFd) | (FGe \u0026 GFf \u0026 (FGg | GFh))))"
  },
  {
    "formula": "((FG!a | FG!b) \u0026 (GFb | (FGa \u0026 (FGc | GFa))))"
  },
  {
    "formula": "((GFa | GFb) \u0026 GF(c \u0026 XXa))"
  },
  {
    "formula": "(GF(a \u0026 Xb) \u0026 GF(c \u0026 XXa))"
  },
  {
    "formula": "((G(a | Fb) | (b \u0026 G(a | Fb))) \u0026 F(b \u0026 G(a | Fb)))"
  },
  {
    "formula": "(FG(a | XXa) \u0026 FG(!a | XX!a))"
  },
  {
    "formula": "(G(F(a \u0026 b) | (Ga \u0026 XGc)) \u0026 G(F(d \u0026 e) | (Gd \u0026 XGf)))"
  },
  {
    "formula": "(GF(a \u0026 XXb) \u0026 GF(c \u0026 XXd))"
  },
  {
    "formula": "(FGa \u0026 GFb \u0026 GF(a \u0026 XXb))"
  },
  {
    "formula": "(GF(!a \u0026 b) \u0026 GF(a \u0026 Xb) \u0026 GF(!a \u0026 XXb))"
  },
  {
    "formula": "(GF(a \u0026 XXb) \u0026 GF(c \u0026 XXd) \u0026 GF(e \u0026 XXf))"
  },
  {
    "formula": "(a \u0026 Xb \u0026 XXc \u0026 XXXd \u0026 XXXXGe)"
  },
  {
    "formula": "(!a | ((FGb | GFa) \u0026 (GF!a | (FG!a \u0026 FGb))))"
  },
  {
    "formula": "(G!a | ((b) U ((a | (b \u0026 c \u0026 X((b) U (d)))))))"
  },
  {
    "formula": "(G!a | (((a | b | X((a) R ((a | c))))) U ((a | d))))"
  },
  {
    "formula": "(G!a | ((b) W ((Fa | ((XXb) W (a))))))"
  },
  {
    "formula": "(GF!a | (F!a \u0026 F(Xb \u0026 (a | Xa) \u0026 (!a | X!a))))"
  },
  {
    "formula": "((FGa \u0026 FGb) | FG(c | XXa))"
  },
  {
    "formula": "((FGa \u0026 GFb) | (FGc \u0026 GF(d \u0026 Xe)))"
  },
  {
    "formula": "((FGa \u0026 GFb) | ((FGc | GFd) \u0026 (FGe | GFf | (FGg \u0026 GFh))))"
  },
  {
    "formula": "((GFa \u0026 GFb) | (FG!b \u0026 (GF!a | (FG!a \u0026 GFc))))"
  },
  {
    "formula": "(FG(a | Xb) | FG(c | XXa))"
  },
  {
    "formula": "((F(a \u0026 Gb) \u0026 (b | F(a \u0026 Gb))) | G(b | F(a \u0026 Gb)))"
  },
  {
    "formula": "(F(G(a | b) \u0026 (Fa | XFc)) | F(G(d | e) \u0026 (Fd | XFf)))"
  },
  {
    "formula": "(FG(a | XXb) | FG(c | XXd))"
  },
  {
    "formula": "(GF(a \u0026 XXa) | GF(!a \u0026 XX!a))"
  },
  {
    "formula": "(FGa | GFb | FG(b | XXa))"
  },
  {
    "formula": "(FG(a | b) | FG(!a | Xb) | FG(a | XXb))"
  },
  {
    "formula": "(FG(a | XXb) | FG(c | XXd) | FG(e | XXf))"
  },
  {
    "formula": "(a | Xb | XXc | XXXd | XXXXFe)"
  },
  {
    "formula": "F(a \u0026 F(b \u0026 (a | Gc)))"
  },
  {
    "formula": "F(a \u0026 G(b | XGc))"
  },
  {
    "formula": "F(a \u0026 G(b | c | X((c) R (d))))"
  },
  {
    "formula": "F(a \u0026 G(b | Fc | (Fd \u0026 Ge)))"
  },
  {
    "formula": "F(a \u0026 X(b \u0026 XFc))"
  },
  {
    "formula": "F(a \u0026 ((b) R (((!b) R ((b | ((c) U (b))))))))"
  },
  {
    "formula": "F(a \u0026 !b \u0026 (((c \u0026 ((b) R ((b | d))))) M (!b)))"
  },
  {
    "formula": "F(a \u0026 XFb \u0026 XG(!b | Gc))"
  },
  {
    "formula": "F(!a \u0026 Xa \u0026 X(((!a \u0026 Xa)) R ((b | X!b))))"
  },
  {
    "formula": "F(((a) W (Gb)) \u0026 (!a | F(!a \u0026 !b) | FG!b) \u0026 (a | (G(a | b) \u0026 GFb)))"
  },
  {
    "formula": "F(a \u0026 !b \u0026 Fb \u0026 (((c \u0026 ((b) R ((b | d))))) R (!b)))"
  },
  {
    "formula": "F(a \u0026 b \u0026 !c \u0026 Xc \u0026 X(d \u0026 X(b \u0026 d)))"
  },
  {
    "formula": "FG(a | XXXb)",
    "properties": {
      "size": 9,
      "initialStatesSize": 1,
      "acceptanceName": "BuchiAcceptance",
      "acceptanceSets": 1,
      "complete": false,
      "deterministic": false
    }
  },
  {
    "formula": "FG((a \u0026 Fb) | ((Fc) U ((a \u0026 Fc))))"
  },
  {
    "formula": "FG(((a) U (XXb)) | ((c) U (XXd)))"
  },
  {
    "formula": "G(a | F(b \u0026 XFc))"
  },
  {
    "formula": "G(a | F(b \u0026 c \u0026 X((c) U (d))))"
  },
  {
    "formula": "G(a | F(b \u0026 Gc \u0026 (Fd | Ge)))"
  },
  {
    "formula": "G(a | G(b | (a \u0026 Fc)))"
  },
  {
    "formula": "G(a | X(b | XGc))"
  },
  {
    "formula": "G(a | ((!b) U (((b) U ((!b \u0026 ((c) R (!b))))))))"
  },
  {
    "formula": "G(a | b | (((c | ((!b) U ((!b \u0026 d))))) W (b)))"
  },
  {
    "formula": "G(a | X!a | X(((a | X!a)) U ((!b \u0026 Xb))))"
  },
  {
    "formula": "G(a | XG!b | XF(b \u0026 Fc))"
  },
  {
    "formula": "G(((!a) M (F!b)) | (a \u0026 G(a | b) \u0026 GFb) | (!a \u0026 (F(!a \u0026 !b) | FG!b)))"
  },
  {
    "formula": "G(a | b | G!b | (((c | ((!b) U ((!b \u0026 d))))) U (b)))"
  },
  {
    "formula": "G(a | b | c | X!c | X(d | X(b | d)))"
  },
  {
    "formula": "GF(a \u0026 XXXb)"
  },
  {
    "formula": "GF((a | Gb) \u0026 ((Gc) R ((a | Gc))))"
  },
  {
    "formula": "GF(((a) R (XXb)) \u0026 ((c) R (XXd)))"
  },
  {
    "formula": "X(a \u0026 X(b \u0026 XGc))"
  },
  {
    "formula": "X(a | X(b | XFc))"
  },
  {
    "formula": "((a) M ((a \u0026 ((b) M ((b | c | X((b) R (d))))))))"
  },
  {
    "formula": "((((!a) M (((b | XGa) \u0026 (!b | XF!a))))) M (!a))"
  },
  {
    "formula": "((XXa) R ((b \u0026 (((c) R (XXd)) | ((e) R (XXf)) | ((g) R (XXh))))))"
  },
  {
    "formula": "((XXa) U ((b | (((c) U (XXd)) \u0026 ((e) U (XXf)) \u0026 ((g) U (XXh))))))"
  },
  {
    "formula": "((a) W ((a | ((b) W ((b \u0026 c \u0026 X((b) U (d))))))))"
  },
  {
    "formula": "((((a) W (((b \u0026 XGa) | (!b \u0026 XF!a))))) W (a))"
  },
  {
    "formula": "(Fa \u0026 (((b \u0026 ((a) R ((a | c | X((a) R (d))))))) R (!a)))"
  },
  {
    "formula": "(Fa \u0026 (((b \u0026 X((!a) U (c)) \u0026 X((a) R ((!c | Gd))))) R (!a)))"
  },
  {
    "formula": "((FGa | GFb | GFc) \u0026 G(b | d | G(a | XFc)))"
  },
  {
    "formula": "((!a | GF(a \u0026 ((!b) M (!a))) | GF(!a \u0026 ((b) W (a)))) \u0026 (a | (FG(a | ((!b) M (!a))) \u0026 FG(!a | ((b) W (a))))))"
  },
  {
    "formula": "((FGa | GF(b \u0026 XXa)) \u0026 FG(c | X(b \u0026 Xa)))"
  },
  {
    "formula": "(FG(a | XXXa) \u0026 FG(!a | XXX!a))"
  },
  {
    "formula": "(GFa \u0026 FG(b | Xc) \u0026 GF(d \u0026 XXXe))"
  },
  {
    "formula": "(GF(!a \u0026 b) \u0026 GF(a \u0026 Xb) \u0026 GF(!a \u0026 XXb) \u0026 GF(a \u0026 XXXb))"
  },
  {
    "formula": "(G!a | (((b | ((!a) U ((!a \u0026 c \u0026 X((!a) U (d))))))) U (a)))"
  },
  {
    "formula": "(G!a | (((b | X((a) R (!c)) | X((!a) U ((c \u0026 Fd))))) U (a)))"
  },
  {
    "formula": "((FGa \u0026 FGb \u0026 GFc) | F(a \u0026 d \u0026 F(c \u0026 XGb)))"
  },
  {
    "formula": "((a \u0026 FG(a | ((!b) M (!a))) \u0026 FG(!a | ((b) W (a)))) | (!a \u0026 (GF(a \u0026 ((!b) M (!a))) | GF(!a \u0026 ((b) W (a))))))"
  },
  {
    "formula": "((GFa \u0026 FG(b | XXa)) | GF(c \u0026 X(b | Xa)))"
  },
  {
    "formula": "(GF(a \u0026 XXXa) | GF(!a \u0026 XXX!a))"
  },
  {
    "formula": "(FGa | GF(b \u0026 Xc) | FG(d | XXXe))"
  },
  {
    "formula": "(FG(a | b) | FG(!a | Xb) | FG(a | XXb) | FG(!a | XXXb))"
  },
  {
    "formula": "(Fa | Fb | Fc | XF!b | X(Xa | ((b) U (((!b) U (((b) U ((a | d)))))))))"
  },
  {
    "formula": "F(a \u0026 ((a \u0026 G(b | c) \u0026 GFc) | (!a \u0026 (F(!b \u0026 !c) | FG!c))))"
  },
  {
    "formula": "F(a \u0026 F(b \u0026 (c | XGd)))"
  },
  {
    "formula": "F(a \u0026 F(b \u0026 (c | d | X((d) R (e)))))"
  },
  {
    "formula": "F(a \u0026 ((b) M ((c \u0026 (b | d | X((b) R (e)))))))"
  },
  {
    "formula": "F(a \u0026 ((!a) R ((b | ((b) R ((c | ((c) R (d)))))))))"
  },
  {
    "formula": "F(a \u0026 ((b) R (((!b) R (((b) R (((!b) R ((!b | c))))))))))"
  },
  {
    "formula": "F(a \u0026 Fb \u0026 ((c) R ((!b \u0026 (c | d | X((c) R (e)))))))"
  },
  {
    "formula": "F(a \u0026 Fb \u0026 (((!b \u0026 c \u0026 X((!b) U ((!b \u0026 d))))) R ((!b \u0026 e))))"
  },
  {
    "formula": "F(a \u0026 F!b \u0026 ((b) R ((c \u0026 (b | d | X((b) R (e)))))))"
  },
  {
    "formula": "F(a \u0026 F(b \u0026 XFc) \u0026 (((b \u0026 d \u0026 X((d) U ((c \u0026 d))))) R ((d \u0026 e))))"
  },
  {
    "formula": "F(a \u0026 F(b \u0026 XFc) \u0026 (((b \u0026 Gd \u0026 XF(c \u0026 d))) R ((d \u0026 e))))"
  },
  {
    "formula": "F(!a \u0026 Xa \u0026 X((!a) R ((!a | b | X(!a | !b)))))"
  },
  {
    "formula": "F(a \u0026 b \u0026 !c \u0026 Xc \u0026 X(Xb \u0026 ((c) R (((!c) R ((b \u0026 d)))))))"
  },
  {
    "formula": "G(a | G(b | (c \u0026 XFd)))"
  },
  {
    "formula": "G(a | G(b | (c \u0026 d \u0026 X((d) U (e)))))"
  },
  {
    "formula": "G(a | ((!b) U (((b) U (((!b) U (((b) U ((b \u0026 c))))))))))"
  },
  {
    "formula": "G(a | ((b) W ((c | (b \u0026 d \u0026 X((b) U (e)))))))"
  },
  {
    "formula": "G(!a | ((!a | F(!b \u0026 !c) | FG!c) \u0026 (a | (G(b | c) \u0026 GFc))))"
  },
  {
    "formula": "G(!a | ((a) U ((b \u0026 ((b) U ((c \u0026 ((c) U (d)))))))))"
  },
  {
    "formula": "G(a | Gb | ((!b) U ((c | (!b \u0026 d \u0026 X((!b) U (e)))))))"
  },
  {
    "formula": "G(a | G!b | ((c) U ((b | (c \u0026 d \u0026 X((c) U (e)))))))"
  },
  {
    "formula": "G(a | G!b | (((b | c | X((b) R ((b | d))))) U ((b | e))))"
  },
  {
    "formula": "G(a | X!a | X((a) U ((a \u0026 !b \u0026 X(a \u0026 b)))))"
  },
  {
    "formula": "G(a | G(b | XGc) | (((b | d | X((d) R ((c | d))))) U ((d | e))))"
  },
  {
    "formula": "G(a | G(b | XGc) | (((b | Fd | XG(c | d))) U ((d | e))))"
  },
  {
    "formula": "G(a | b | c | X!c | X(Xb | ((!c) U (((c) U ((b | d)))))))"
  },
  {
    "formula": "((a) M ((!a | (((b) R (c)) \u0026 F(b \u0026 XFd)))))"
  },
  {
    "formula": "((a) M ((!a | ((b) M (((!b) M (((b) M (((!b) M (Fb)))))))))))"
  },
  {
    "formula": "((((a) M (b))) M ((((c | Gd)) R (((!e \u0026 G!c) | (e \u0026 ((e \u0026 G!c) | (!e \u0026 Fc))))))))"
  },
  {
    "formula": "((a) R ((!b | !c | ((Gb) M (((c | d) \u0026 (!d | ((!c) R ((a | !c))))))))))"
  },
  {
    "formula": "((a) U ((b \u0026 c \u0026 ((F!b) W (((!c \u0026 !d) | (d \u0026 ((c) U ((a \u0026 c))))))))))"
  },
  {
    "formula": "((!a) W ((a \u0026 (((b) U (c)) | G(b | XGd)))))"
  },
  {
    "formula": "((!a) W ((a \u0026 ((!b) W (((b) W (((!b) W (((b) W (G!b)))))))))))"
  },
  {
    "formula": "((((a) W (b))) W ((((!c \u0026 Fd)) U (((e | Fc) \u0026 (!e | ((e | G!c) \u0026 (!e | Fc))))))))"
  },
  {
    "formula": "(Fa \u0026 (((b \u0026 ((a) R ((a | c | d | X(((a | d)) R (e))))))) R (!a)))"
  },
  {
    "formula": "((FGa | GF(b \u0026 XXc)) \u0026 (GFc | FG(d | X(b \u0026 Xa))))"
  },
  {
    "formula": "(FG(a | XXXXa) \u0026 FG(!a | XXXX!a))"
  },
  {
    "formula": "(G!a | (((b | ((!a) U ((!a \u0026 c \u0026 d \u0026 X(((!a \u0026 d)) U (e))))))) U (a)))"
  },
  {
    "formula": "((GFa \u0026 FG(b | XXc)) | (FGc \u0026 GF(d \u0026 X(b | Xa))))"
  },
  {
    "formula": "(GF(a \u0026 XXXXa) | GF(!a \u0026 XXXX!a))"
  },
  {
    "formula": "F(a \u0026 F(b \u0026 XFc \u0026 XG(!c | Gd)))"
  },
  {
    "formula": "F(a \u0026 ((!a) R (((b) R ((!a | ((!a) R ((c | ((c) R (!a)))))))))))"
  },
  {
    "formula": "F(a \u0026 Fb \u0026 (((c \u0026 ((b) R ((b | d | X((b) R (e))))))) R (!b)))"
  },
  {
    "formula": "F(a \u0026 Fb \u0026 (((c \u0026 X((!b) U (d)) \u0026 X((b) R ((!d | Ge))))) R (!b)))"
  },
  {
    "formula": "F(!a \u0026 Xa \u0026 X(Xb \u0026 ((!a) R (((a) R (((!a) R ((b \u0026 c)))))))))"
  },
  {
    "formula": "F(a \u0026 b \u0026 !c \u0026 Xc \u0026 X(Xb \u0026 ((!c) R (((c) R (((!c) R ((b \u0026 d)))))))))"
  },
  {
    "formula": "G(a | G(b | XG!c | XF(c \u0026 Fd)))"
  },
  {
    "formula": "G(!a | ((a) U (((b) U ((a \u0026 ((a) U ((c \u0026 ((c) U (a)))))))))))"
  },
  {
    "formula": "G(a | G!b | (((c | ((!b) U ((!b \u0026 d \u0026 X((!b) U (e))))))) U (b)))"
  },
  {
    "formula": "G(a | G!b | (((c | X((b) R (!d)) | X((!b) U ((d \u0026 Fe))))) U (b)))"
  },
  {
    "formula": "G(a | X!a | X(Xb | ((a) U (((!a) U (((a) U ((b | c)))))))))"
  },
  {
    "formula": "G(a | b | c | X!c | X(Xb | ((c) U (((!c) U (((c) U ((b | d)))))))))"
  },
  {
    "formula": "((!a | GF(a \u0026 !b \u0026 ((!c) M (!a))) | GF(!a \u0026 (b | ((c) W (a)))) | (F!c \u0026 (F(a \u0026 !b \u0026 ((!c) M (!a))) | F(!a \u0026 (b | ((c) W (a))))))) \u0026 (a | (FG(!a | b | ((c) W (a))) \u0026 FG(a | (!b \u0026 ((!c) M (!a)))) \u0026 (Gc | (G(!a | b | ((c) W (a))) \u0026 G(a | (!b \u0026 ((!c) M (!a)))))))))"
  },
  {
    "formula": "((a \u0026 FG(!a | b | ((c) W (a))) \u0026 FG(a | (!b \u0026 ((!c) M (!a)))) \u0026 (Gc | (G(!a | b | ((c) W (a))) \u0026 G(a | (!b \u0026 ((!c) M (!a))))))) | (!a \u0026 (GF(a \u0026 !b \u0026 ((!c) M (!a))) | GF(!a \u0026 (b | ((c) W (a)))) | (F!c \u0026 (F(a \u0026 !b \u0026 ((!c) M (!a))) | F(!a \u0026 (b | ((c) W (a)))))))))"
  },
  {
    "formula": "F(a \u0026 (((b \u0026 ((c) R ((c | d | X((c) R (e))))))) R ((!c \u0026 F(b \u0026 (d | XGe))))))"
  },
  {
    "formula": "F(a \u0026 (((b \u0026 (((c | X((d) R (e)))) W (d)))) R ((!d \u0026 F(b \u0026 (c | XGe))))))"
  },
  {
    "formula": "F(a \u0026 (((b \u0026 ((c) R ((c | d | e | X(((c | e)) R (f))))))) R ((!c \u0026 F(b \u0026 (d | e | X((e) R (f))))))))"
  },
  {
    "formula": "F(a \u0026 (((b \u0026 (((c | d | X(((d | e)) R (f)))) W (e)))) R ((!e \u0026 F(b \u0026 (c | d | X((d) R (f))))))))"
  },
  {
    "formula": "F((((a | Xa) \u0026 (!a | X!a)) | ((b | Xb) \u0026 (!b | X!b)) | ((c | Xc) \u0026 (!c | X!c)) | ((d | Xd) \u0026 (!d | X!d))) \u0026 X(e | (((((a | Xa) \u0026 (!a | X!a)) | ((b | Xb) \u0026 (!b | X!b)) | ((c | Xc) \u0026 (!c | X!c)) | ((d | Xd) \u0026 (!d | X!d)))) R (!e))))"
  },
  {
    "formula": "F(a \u0026 Fb \u0026 (((c \u0026 ((b) R ((b | d | e | X(((b | e)) R (f))))))) R (!b)))"
  },
  {
    "formula": "G(a | (((b | (((c \u0026 X((!d) U (e)))) M (!d)))) U ((d | G(b | (c \u0026 XFe))))))"
  },
  {
    "formula": "G(a | (((b | ((!c) U ((!c \u0026 d \u0026 X((!c) U (e))))))) U ((c | G(b | (d \u0026 XFe))))))"
  },
  {
    "formula": "G(a | (((b | (((c \u0026 d \u0026 X(((d \u0026 !e)) U (f)))) M (!e)))) U ((e | G(b | (c \u0026 d \u0026 X((d) U (f))))))))"
  },
  {
    "formula": "G(a | (((b | ((!c) U ((!c \u0026 d \u0026 e \u0026 X(((!c \u0026 e)) U (f))))))) U ((c | G(b | (d \u0026 e \u0026 X((e) U (f))))))))"
  },
  {
    "formula": "G((((a \u0026 Xa) | (!a \u0026 X!a)) \u0026 ((b \u0026 Xb) | (!b \u0026 X!b)) \u0026 ((c \u0026 Xc) | (!c \u0026 X!c)) \u0026 ((d \u0026 Xd) | (!d \u0026 X!d))) | X(!e \u0026 (((((a \u0026 Xa) | (!a \u0026 X!a)) \u0026 ((b \u0026 Xb) | (!b \u0026 X!b)) \u0026 ((c \u0026 Xc) | (!c \u0026 X!c)) \u0026 ((d \u0026 Xd) | (!d \u0026 X!d)))) U (e))))"
  },
  {
    "formula": "G(a | G!b | (((c | ((!b) U ((!b \u0026 d \u0026 e \u0026 X(((!b \u0026 e)) U (f))))))) U (b)))"
  },
  {
    "formula": "(Fa \u0026 (((a | b)) R ((!a \u0026 (((a | !b)) R ((!a \u0026 (((a | b)) R ((!a \u0026 (((a | !b)) R ((!a \u0026 ((b) R (!a)))))))))))))))"
  },
  {
    "formula": "(G!a | (((!a \u0026 !b)) U ((a | (((!a \u0026 b)) U ((a | (((!a \u0026 !b)) U ((a | (((!a \u0026 b)) U ((a | ((!b) U (a)))))))))))))))"
  },
  {
    "formula": "F(a \u0026 (((b \u0026 X((!c) U (d)) \u0026 X((c) R ((!d | Ge))))) R ((!c \u0026 F(b \u0026 X((!c) U (d)) \u0026 X((c) R ((!d | Ge))))))))"
  },
  {
    "formula": "G(a | (((b | X((c) R (!d)) | X((!c) U ((d \u0026 Fe))))) U ((c | G(b | X((c) R (!d)) | X((!c) U ((d \u0026 Fe))))))))"
  },
  {
    "formula": "F(a \u0026 (((b | c)) R ((!c \u0026 (((!b | c)) R ((!c \u0026 (((b | c)) R ((!c \u0026 (((!b | c)) R ((!c \u0026 F!b \u0026 ((b) M (!c)))))))))))))))"
  },
  {
    "formula": "F((!a | Xa) \u0026 X((!a) R ((!a | b | X(!a | !b | ((!a) R ((!a | b | X(!a | !b)))))))))"
  },
  {
    "formula": "F((!a | Xa) \u0026 X(((b | X(!b | (((b | X(!a | !b))) W (!a))))) W (!a)))"
  },
  {
    "formula": "F(a \u0026 Fb \u0026 (((b | c)) R ((!b \u0026 (((b | !c)) R ((!b \u0026 (((b | c)) R ((!b \u0026 (((b | !c)) R ((!b \u0026 ((c) R (!b)))))))))))))))"
  },
  {
    "formula": "F(a \u0026 X!a \u0026 X((a) R ((a | b | X(a | !b | ((a) R ((a | b | X(a | !b)))))))))"
  },
  {
    "formula": "F(!a \u0026 Xa \u0026 X((!a) R ((!a | b | X(!a | !b | ((!a) R ((!a | b | X(!a | !b)))))))))"
  },
  {
    "formula": "G(a | (((!b \u0026 !c)) U ((c | (((b \u0026 !c)) U ((c | (((!b \u0026 !c)) U ((c | (((b \u0026 !c)) U ((c | Gb | ((!b) W (c)))))))))))))))"
  },
  {
    "formula": "G((a \u0026 X!a) | X(((!b \u0026 X(b \u0026 (((!b \u0026 X(a \u0026 b))) M (a))))) M (a)))"
  },
  {
    "formula": "G((a \u0026 X!a) | X((a) U ((a \u0026 !b \u0026 X(a \u0026 b \u0026 ((a) U ((a \u0026 !b \u0026 X(a \u0026 b)))))))))"
  },
  {
    "formula": "G(a | G!b | (((!b \u0026 !c)) U ((b | (((!b \u0026 c)) U ((b | (((!b \u0026 !c)) U ((b | (((!b \u0026 c)) U ((b | ((!c) U (b)))))))))))))))"
  },
  {
    "formula": "G(a | X!a | X((a) U ((a \u0026 !b \u0026 X(a \u0026 b \u0026 ((a) U ((a \u0026 !b \u0026 X(a \u0026 b)))))))))"
  },
  {
    "formula": "G(!a | Xa | X((!a) U ((!a \u0026 !b \u0026 X(!a \u0026 b \u0026 ((!a) U ((!a \u0026 !b \u0026 X(!a \u0026 b)))))))))"
  },
  {
    "formula": "((a) R ((b | X(c | G(d | XG(e | XG(f | XGg)))))))"
  },
  {
    "formula": "((a) U ((b \u0026 X(c \u0026 F(d \u0026 XF(e \u0026 XF(f \u0026 XFg)))))))"
  },
  {
    "formula": "F(a \u0026 X!a \u0026 X((a) R ((a | b | X(a | !b | ((a) R ((a | b | X(a | !b | ((a) R ((a | b | X(a | !b)))))))))))))"
  },
  {
    "formula": "G(!a | Xa | X((!a) U ((!a \u0026 !b \u0026 X(!a \u0026 b \u0026 ((!a) U ((!a \u0026 !b \u0026 X(!a \u0026 b \u0026 ((!a) U ((!a \u0026 !b \u0026 X(!a \u0026 b)))))))))))))"
  },
  {
    "formula": "F(a \u0026 X(a \u0026 X(a \u0026 X(a \u0026 X(a \u0026 X(a \u0026 X(a \u0026 X(a \u0026 X(a \u0026 X(a \u0026 X(a \u0026 Xa)))))))))))"
  },
  {
    "formula": "G(a | X(a | X(a | X(a | X(a | X(a | X(a | X(a | X(a | X(a | X(a | Xa)))))))))))"
  }
]