<component name="InspectionProjectProfileManager">
  <profile version="1.0">
    <option name="myName" value="owl" />
    <inspection_tool class="AbsoluteAlignmentInUserInterface" enabled="true" level="WARNING" enabled_by_default="true" />
    <inspection_tool class="AccessToNonThreadSafeStaticFieldFromInstance" enabled="true" level="WARNING" enabled_by_default="true">
      <option name="nonThreadSafeClasses">
        <value />
      </option>
      <option name="nonThreadSafeTypes" value="" />
    </inspection_tool>
    <inspection_tool class="AccessToStaticFieldLockedOnInstance" enabled="true" level="WARNING" enabled_by_default="true" />
    <inspection_tool class="ArrayEquality" enabled="true" level="WARNING" enabled_by_default="true" />
    <inspection_tool class="AssertEqualsCalledOnArray" enabled="true" level="WARNING" enabled_by_default="true" />
    <inspection_tool class="AssertEqualsMayBeAssertSame" enabled="true" level="WARNING" enabled_by_default="true" />
    <inspection_tool class="AssertMessageNotString" enabled="true" level="WARNING" enabled_by_default="true" />
    <inspection_tool class="AssignmentToCatchBlockParameter" enabled="true" level="WARNING" enabled_by_default="true" />
    <inspection_tool class="AssignmentToCollectionFieldFromParameter" enabled="true" level="WARNING" enabled_by_default="true">
      <option name="ignorePrivateMethods" value="true" />
    </inspection_tool>
    <inspection_tool class="AssignmentToDateFieldFromParameter" enabled="true" level="WARNING" enabled_by_default="true">
      <option name="ignorePrivateMethods" value="true" />
    </inspection_tool>
    <inspection_tool class="AssignmentToForLoopParameter" enabled="true" level="WARNING" enabled_by_default="true">
      <option name="m_checkForeachParameters" value="false" />
    </inspection_tool>
    <inspection_tool class="AssignmentToLambdaParameter" enabled="true" level="WARNING" enabled_by_default="true" />
    <inspection_tool class="AssignmentToMethodParameter" enabled="true" level="WARNING" enabled_by_default="true">
      <option name="ignoreTransformationOfOriginalParameter" value="false" />
    </inspection_tool>
    <inspection_tool class="AssignmentToNull" enabled="true" level="WARNING" enabled_by_default="true" />
    <inspection_tool class="AssignmentToStaticFieldFromInstanceMethod" enabled="true" level="WARNING" enabled_by_default="true" />
    <inspection_tool class="AssignmentToSuperclassField" enabled="true" level="WARNING" enabled_by_default="true" />
    <inspection_tool class="AssignmentUsedAsCondition" enabled="true" level="WARNING" enabled_by_default="true" />
    <inspection_tool class="AutoCloseableResource" enabled="true" level="WARNING" enabled_by_default="true" />
    <inspection_tool class="AwaitNotInLoop" enabled="true" level="WARNING" enabled_by_default="true" />
    <inspection_tool class="AwaitWithoutCorrespondingSignal" enabled="true" level="WARNING" enabled_by_default="true" />
    <inspection_tool class="BadExceptionCaught" enabled="true" level="WARNING" enabled_by_default="true">
      <option name="exceptionsString" value="" />
      <option name="exceptions">
        <value />
      </option>
    </inspection_tool>
    <inspection_tool class="BadExceptionDeclared" enabled="true" level="WARNING" enabled_by_default="true">
      <option name="exceptionsString" value="" />
      <option name="exceptions">
        <value />
      </option>
      <option name="ignoreTestCases" value="false" />
      <option name="ignoreLibraryOverrides" value="false" />
    </inspection_tool>
    <inspection_tool class="BadExceptionThrown" enabled="true" level="WARNING" enabled_by_default="true">
      <option name="exceptionsString" value="" />
      <option name="exceptions">
        <value />
      </option>
    </inspection_tool>
    <inspection_tool class="BadOddness" enabled="true" level="WARNING" enabled_by_default="true" />
    <inspection_tool class="BashReplaceWithSubshell" enabled="true" level="INFO" enabled_by_default="true" />
    <inspection_tool class="BeforeClassOrAfterClassIsPublicStaticVoidNoArg" enabled="true" level="WARNING" enabled_by_default="true" />
    <inspection_tool class="BeforeOrAfterIsPublicVoidNoArg" enabled="true" level="WARNING" enabled_by_default="true" />
    <inspection_tool class="BigDecimalEquals" enabled="true" level="WARNING" enabled_by_default="true" />
    <inspection_tool class="BigDecimalLegacyMethod" enabled="true" level="WARNING" enabled_by_default="true" />
    <inspection_tool class="BooleanExpressionMayBeConditional" enabled="true" level="WARNING" enabled_by_default="true" />
    <inspection_tool class="BooleanMethodIsAlwaysInverted" enabled="false" level="WARNING" enabled_by_default="false" />
    <inspection_tool class="BooleanParameter" enabled="true" level="WARNING" enabled_by_default="true">
      <option name="onlyReportMultiple" value="true" />
    </inspection_tool>
    <inspection_tool class="BreakStatementWithLabel" enabled="true" level="WARNING" enabled_by_default="true" />
    <inspection_tool class="BusyWait" enabled="true" level="WARNING" enabled_by_default="true" />
    <inspection_tool class="CachedNumberConstructorCall" enabled="true" level="WARNING" enabled_by_default="true" />
    <inspection_tool class="CallToStringConcatCanBeReplacedByOperator" enabled="true" level="WARNING" enabled_by_default="true" />
    <inspection_tool class="CastConflictsWithInstanceof" enabled="true" level="WARNING" enabled_by_default="true" />
    <inspection_tool class="CastThatLosesPrecision" enabled="true" level="WARNING" enabled_by_default="true">
      <option name="ignoreIntegerCharCasts" value="false" />
    </inspection_tool>
    <inspection_tool class="CastToIncompatibleInterface" enabled="true" level="WARNING" enabled_by_default="true" />
    <inspection_tool class="ChainedEquality" enabled="true" level="WARNING" enabled_by_default="true" />
    <inspection_tool class="ChannelResource" enabled="true" level="WARNING" enabled_by_default="true">
      <option name="insideTryAllowed" value="false" />
    </inspection_tool>
    <inspection_tool class="CharUsedInArithmeticContext" enabled="true" level="WARNING" enabled_by_default="true" />
    <inspection_tool class="CharacterComparison" enabled="true" level="WARNING" enabled_by_default="true" />
    <inspection_tool class="ClassNameDiffersFromFileName" enabled="true" level="WARNING" enabled_by_default="true" />
    <inspection_tool class="ClassNewInstance" enabled="true" level="WARNING" enabled_by_default="true" />
    <inspection_tool class="ClassReferencesSubclass" enabled="true" level="WARNING" enabled_by_default="true" />
    <inspection_tool class="ClassWithMultipleLoggers" enabled="true" level="WARNING" enabled_by_default="true">
      <option name="loggerNamesString" value="java.util.logging.Logger,org.slf4j.Logger,org.apache.commons.logging.Log,org.apache.log4j.Logger" />
    </inspection_tool>
    <inspection_tool class="ClassWithOnlyPrivateConstructors" enabled="true" level="WARNING" enabled_by_default="true" />
    <inspection_tool class="CloneInNonCloneableClass" enabled="true" level="WARNING" enabled_by_default="true" />
    <inspection_tool class="CloneReturnsClassType" enabled="true" level="WARNING" enabled_by_default="true" />
    <inspection_tool class="CloneableImplementsClone" enabled="true" level="WARNING" enabled_by_default="true">
      <option name="m_ignoreCloneableDueToInheritance" value="false" />
    </inspection_tool>
    <inspection_tool class="CollectionAddAllCanBeReplacedWithConstructor" enabled="true" level="WARNING" enabled_by_default="true" />
    <inspection_tool class="CollectionContainsUrl" enabled="true" level="WARNING" enabled_by_default="true" />
    <inspection_tool class="CollectionsFieldAccessReplaceableByMethodCall" enabled="true" level="WARNING" enabled_by_default="true" />
    <inspection_tool class="ComparableImplementedButEqualsNotOverridden" enabled="true" level="WARNING" enabled_by_default="true" />
    <inspection_tool class="CompareToUsesNonFinalVariable" enabled="true" level="WARNING" enabled_by_default="true" />
    <inspection_tool class="ComparisonOfShortAndChar" enabled="true" level="WARNING" enabled_by_default="true" />
    <inspection_tool class="ComparisonToNaN" enabled="true" level="WARNING" enabled_by_default="true" />
    <inspection_tool class="ConditionSignal" enabled="true" level="WARNING" enabled_by_default="true" />
    <inspection_tool class="ConditionalExpression" enabled="false" level="WARNING" enabled_by_default="false">
      <option name="ignoreSimpleAssignmentsAndReturns" value="true" />
    </inspection_tool>
    <inspection_tool class="ConditionalExpressionWithIdenticalBranches" enabled="true" level="WARNING" enabled_by_default="true" />
    <inspection_tool class="ConfusingElse" enabled="true" level="WARNING" enabled_by_default="true">
      <option name="reportWhenNoStatementFollow" value="false" />
    </inspection_tool>
    <inspection_tool class="ConfusingFloatingPointLiteral" enabled="true" level="WARNING" enabled_by_default="true" />
    <inspection_tool class="ConfusingMainMethod" enabled="true" level="WARNING" enabled_by_default="true" />
    <inspection_tool class="ConstantMathCall" enabled="true" level="WARNING" enabled_by_default="true" />
    <inspection_tool class="ConstantValueVariableUse" enabled="true" level="WARNING" enabled_by_default="true" />
    <inspection_tool class="ControlFlowStatementWithoutBraces" enabled="true" level="WARNING" enabled_by_default="true" />
    <inspection_tool class="CovariantEquals" enabled="true" level="WARNING" enabled_by_default="true" />
    <inspection_tool class="DeclareCollectionAsInterface" enabled="true" level="WARNING" enabled_by_default="true">
      <option name="ignoreLocalVariables" value="false" />
      <option name="ignorePrivateMethodsAndFields" value="false" />
    </inspection_tool>
    <inspection_tool class="DefaultNotLastCaseInSwitch" enabled="true" level="WARNING" enabled_by_default="true" />
    <inspection_tool class="DivideByZero" enabled="true" level="WARNING" enabled_by_default="true" />
    <inspection_tool class="DollarSignInName" enabled="true" level="WARNING" enabled_by_default="true" />
    <inspection_tool class="DoubleBraceInitialization" enabled="true" level="WARNING" enabled_by_default="true" />
    <inspection_tool class="DoubleCheckedLocking" enabled="true" level="WARNING" enabled_by_default="true">
      <option name="ignoreOnVolatileVariables" value="false" />
    </inspection_tool>
    <inspection_tool class="DoubleLiteralMayBeFloatLiteral" enabled="true" level="WARNING" enabled_by_default="true" />
    <inspection_tool class="DuplicateBooleanBranch" enabled="true" level="WARNING" enabled_by_default="true" />
    <inspection_tool class="DuplicateCondition" enabled="true" level="WARNING" enabled_by_default="true">
      <option name="ignoreMethodCalls" value="false" />
    </inspection_tool>
    <inspection_tool class="DynamicRegexReplaceableByCompiledPattern" enabled="true" level="WARNING" enabled_by_default="true" />
    <inspection_tool class="EmptyClass" enabled="true" level="WARNING" enabled_by_default="true">
      <option name="ignorableAnnotations">
        <value />
      </option>
      <option name="ignoreClassWithParameterization" value="false" />
      <option name="ignoreThrowables" value="true" />
      <option name="commentsAreContent" value="true" />
    </inspection_tool>
    <inspection_tool class="EmptyInitializer" enabled="true" level="WARNING" enabled_by_default="true" />
    <inspection_tool class="EmptyMethod" enabled="true" level="WARNING" enabled_by_default="true">
      <option name="EXCLUDE_ANNOS">
        <value>
          <list size="0" />
        </value>
      </option>
      <option name="commentsAreContent" value="true" />
    </inspection_tool>
    <inspection_tool class="EmptySynchronizedStatement" enabled="true" level="WARNING" enabled_by_default="true" />
    <inspection_tool class="EnumerationCanBeIteration" enabled="true" level="WARNING" enabled_by_default="true" />
    <inspection_tool class="EqualsAndHashcode" enabled="true" level="WARNING" enabled_by_default="true" />
    <inspection_tool class="EqualsHashCodeCalledOnUrl" enabled="true" level="WARNING" enabled_by_default="true" />
    <inspection_tool class="EqualsUsesNonFinalVariable" enabled="true" level="WARNING" enabled_by_default="true" />
    <inspection_tool class="ErrorRethrown" enabled="true" level="WARNING" enabled_by_default="true" />
    <inspection_tool class="ExceptionFromCatchWhichDoesntWrap" enabled="true" level="WARNING" enabled_by_default="true">
      <option name="ignoreGetMessage" value="true" />
      <option name="ignoreCantWrap" value="true" />
    </inspection_tool>
    <inspection_tool class="ExceptionNameDoesntEndWithException" enabled="true" level="WARNING" enabled_by_default="true" />
    <inspection_tool class="ExpectedExceptionNeverThrown" enabled="true" level="WARNING" enabled_by_default="true" />
    <inspection_tool class="ExtendsConcreteCollection" enabled="true" level="WARNING" enabled_by_default="true" />
    <inspection_tool class="ExtendsThread" enabled="true" level="WARNING" enabled_by_default="true" />
    <inspection_tool class="ExtendsThrowable" enabled="true" level="WARNING" enabled_by_default="true" />
    <inspection_tool class="ExtendsUtilityClass" enabled="true" level="WARNING" enabled_by_default="true" />
    <inspection_tool class="FallthruInSwitchStatement" enabled="true" level="WARNING" enabled_by_default="true" />
    <inspection_tool class="FieldAccessedSynchronizedAndUnsynchronized" enabled="true" level="WARNING" enabled_by_default="true">
      <option name="countGettersAndSetters" value="false" />
    </inspection_tool>
    <inspection_tool class="FieldMayBeFinal" enabled="true" level="WEAK WARNING" enabled_by_default="true" />
    <inspection_tool class="FieldMayBeStatic" enabled="true" level="WARNING" enabled_by_default="true" />
    <inspection_tool class="FinalMethodInFinalClass" enabled="true" level="WARNING" enabled_by_default="true" />
    <inspection_tool class="Finalize" enabled="true" level="WARNING" enabled_by_default="true">
      <option name="ignoreTrivialFinalizers" value="true" />
    </inspection_tool>
    <inspection_tool class="FinalizeNotProtected" enabled="true" level="WARNING" enabled_by_default="true" />
    <inspection_tool class="FloatingPointEquality" enabled="true" level="WARNING" enabled_by_default="true" />
    <inspection_tool class="ForLoopReplaceableByWhile" enabled="true" level="WARNING" enabled_by_default="true">
      <option name="m_ignoreLoopsWithoutConditions" value="false" />
    </inspection_tool>
    <inspection_tool class="ForLoopThatDoesntUseLoopVariable" enabled="true" level="WARNING" enabled_by_default="true" />
    <inspection_tool class="HashCodeUsesNonFinalVariable" enabled="true" level="WARNING" enabled_by_default="true" />
    <inspection_tool class="HtmlTagCanBeJavadocTag" enabled="true" level="WARNING" enabled_by_default="true" />
    <inspection_tool class="IOResource" enabled="true" level="WARNING" enabled_by_default="true">
      <option name="ignoredTypesString" value="java.io.ByteArrayOutputStream,java.io.ByteArrayInputStream,java.io.StringBufferInputStream,java.io.CharArrayWriter,java.io.CharArrayReader,java.io.StringWriter,java.io.StringReader" />
      <option name="insideTryAllowed" value="false" />
    </inspection_tool>
    <inspection_tool class="IfMayBeConditional" enabled="true" level="INFORMATION" enabled_by_default="true" />
    <inspection_tool class="IfStatementWithIdenticalBranches" enabled="true" level="WARNING" enabled_by_default="true" />
    <inspection_tool class="IgnoredJUnitTest" enabled="true" level="WEAK WARNING" enabled_by_default="true" />
    <inspection_tool class="ImplicitNumericConversion" enabled="true" level="WARNING" enabled_by_default="true">
      <option name="ignoreWideningConversions" value="true" />
      <option name="ignoreCharConversions" value="false" />
      <option name="ignoreConstantConversions" value="false" />
    </inspection_tool>
    <inspection_tool class="InconsistentLineSeparators" enabled="true" level="WARNING" enabled_by_default="true" />
    <inspection_tool class="IncrementDecrementUsedAsExpression" enabled="true" level="WARNING" enabled_by_default="true" />
    <inspection_tool class="InstanceVariableInitialization" enabled="true" level="WARNING" enabled_by_default="true">
      <scope name="Tests" level="INFORMATION" enabled="true">
        <option name="m_ignorePrimitives" value="false" />
      </scope>
      <option name="m_ignorePrimitives" value="false" />
    </inspection_tool>
    <inspection_tool class="InstanceVariableUninitializedUse" enabled="true" level="WARNING" enabled_by_default="true">
      <option name="m_ignorePrimitives" value="false" />
      <option name="annotationNamesString" value="" />
    </inspection_tool>
    <inspection_tool class="InstanceofCatchParameter" enabled="true" level="WARNING" enabled_by_default="true" />
    <inspection_tool class="InstanceofIncompatibleInterface" enabled="true" level="WARNING" enabled_by_default="true" />
    <inspection_tool class="InstanceofThis" enabled="true" level="WARNING" enabled_by_default="true" />
    <inspection_tool class="InstantiationOfUtilityClass" enabled="true" level="WARNING" enabled_by_default="true" />
    <inspection_tool class="IntLiteralMayBeLongLiteral" enabled="true" level="WARNING" enabled_by_default="true" />
    <inspection_tool class="IntegerDivisionInFloatingPointContext" enabled="true" level="WARNING" enabled_by_default="true" />
    <inspection_tool class="IntegerMultiplicationImplicitCastToLong" enabled="true" level="WARNING" enabled_by_default="true">
      <option name="ignoreNonOverflowingCompileTimeConstants" value="true" />
    </inspection_tool>
    <inspection_tool class="InterfaceMayBeAnnotatedFunctional" enabled="true" level="WARNING" enabled_by_default="true" />
    <inspection_tool class="IteratorHasNextCallsIteratorNext" enabled="true" level="WARNING" enabled_by_default="true" />
    <inspection_tool class="IteratorNextDoesNotThrowNoSuchElementException" enabled="true" level="WARNING" enabled_by_default="true" />
    <inspection_tool class="JUnitDatapoint" enabled="true" level="WARNING" enabled_by_default="true" />
    <inspection_tool class="JUnitRule" enabled="true" level="WARNING" enabled_by_default="true" />
    <inspection_tool class="JavaLangImport" enabled="true" level="WARNING" enabled_by_default="true" />
    <inspection_tool class="JavadocHtmlLint" enabled="true" level="ERROR" enabled_by_default="true" />
    <inspection_tool class="KeySetIterationMayUseEntrySet" enabled="true" level="WARNING" enabled_by_default="true" />
    <inspection_tool class="LabeledStatement" enabled="true" level="WARNING" enabled_by_default="true" />
    <inspection_tool class="LengthOneStringInIndexOf" enabled="true" level="WARNING" enabled_by_default="true" />
    <inspection_tool class="LengthOneStringsInConcatenation" enabled="true" level="WARNING" enabled_by_default="true" />
    <inspection_tool class="ListIndexOfReplaceableByContains" enabled="true" level="WARNING" enabled_by_default="true" />
    <inspection_tool class="LoggerInitializedWithForeignClass" enabled="true" level="WARNING" enabled_by_default="true">
      <option name="loggerClassName" value="org.slf4j.LoggerFactory" />
      <option name="loggerFactoryMethodName" value="getLogger(java.lang.Class)" />
    </inspection_tool>
    <inspection_tool class="LoggingConditionDisagreesWithLogStatement" enabled="true" level="WARNING" enabled_by_default="true" />
    <inspection_tool class="LongLine" enabled="true" level="WARNING" enabled_by_default="true" />
    <inspection_tool class="LongLiteralsEndingWithLowercaseL" enabled="false" level="WARNING" enabled_by_default="false" />
    <inspection_tool class="LoopConditionNotUpdatedInsideLoop" enabled="true" level="WARNING" enabled_by_default="true">
      <option name="ignoreIterators" value="false" />
    </inspection_tool>
    <inspection_tool class="LoopWithImplicitTerminationCondition" enabled="true" level="WARNING" enabled_by_default="true" />
    <inspection_tool class="MalformedSetUpTearDown" enabled="true" level="WARNING" enabled_by_default="true" />
    <inspection_tool class="MapReplaceableByEnumMap" enabled="true" level="WARNING" enabled_by_default="true" />
    <inspection_tool class="MarkerInterface" enabled="true" level="WARNING" enabled_by_default="true" />
    <inspection_tool class="MethodMayBeStatic" enabled="true" level="WARNING" enabled_by_default="true">
      <option name="m_onlyPrivateOrFinal" value="false" />
      <option name="m_ignoreEmptyMethods" value="true" />
    </inspection_tool>
    <inspection_tool class="MethodMayBeSynchronized" enabled="true" level="WARNING" enabled_by_default="true" />
    <inspection_tool class="MethodOnlyUsedFromInnerClass" enabled="true" level="WARNING" enabled_by_default="true">
      <option name="ignoreMethodsAccessedFromAnonymousClass" value="false" />
      <option name="ignoreStaticMethodsFromNonStaticInnerClass" value="false" />
      <option name="onlyReportStaticMethods" value="false" />
    </inspection_tool>
    <inspection_tool class="MethodReturnAlwaysConstant" enabled="true" level="WARNING" enabled_by_default="true" />
    <inspection_tool class="MigrateAssertToMatcherAssert" enabled="true" level="WARNING" enabled_by_default="true" />
    <inspection_tool class="MisorderedAssertEqualsParameters" enabled="true" level="WARNING" enabled_by_default="true" />
    <inspection_tool class="MissingDeprecatedAnnotation" enabled="true" level="WARNING" enabled_by_default="true" />
    <inspection_tool class="MissingOverrideAnnotation" enabled="true" level="WARNING" enabled_by_default="true">
      <option name="ignoreObjectMethods" value="true" />
      <option name="ignoreAnonymousClassMethods" value="false" />
    </inspection_tool>
    <inspection_tool class="MissingPackageInfo" enabled="true" level="WARNING" enabled_by_default="true" />
    <inspection_tool class="MissortedModifiers" enabled="true" level="WARNING" enabled_by_default="true">
      <option name="m_requireAnnotationsFirst" value="true" />
    </inspection_tool>
    <inspection_tool class="MisspelledEquals" enabled="true" level="WARNING" enabled_by_default="true" />
    <inspection_tool class="MisspelledSetUp" enabled="true" level="WARNING" enabled_by_default="true" />
    <inspection_tool class="MisspelledTearDown" enabled="true" level="WARNING" enabled_by_default="true" />
    <inspection_tool class="MultipleDeclaration" enabled="true" level="WARNING" enabled_by_default="true">
      <option name="ignoreForLoopDeclarations" value="true" />
    </inspection_tool>
    <inspection_tool class="MultipleExceptionsDeclaredOnTestMethod" enabled="true" level="WARNING" enabled_by_default="true" />
    <inspection_tool class="MultipleTopLevelClassesInFile" enabled="true" level="WARNING" enabled_by_default="true" />
    <inspection_tool class="MultipleTypedDeclaration" enabled="true" level="WARNING" enabled_by_default="true" />
    <inspection_tool class="NakedNotify" enabled="true" level="WARNING" enabled_by_default="true" />
    <inspection_tool class="NegativelyNamedBooleanVariable" enabled="true" level="WARNING" enabled_by_default="true" />
    <inspection_tool class="NestedAssignment" enabled="true" level="WARNING" enabled_by_default="true" />
    <inspection_tool class="NestedSynchronizedStatement" enabled="true" level="WARNING" enabled_by_default="true" />
    <inspection_tool class="NestedTryStatement" enabled="true" level="WARNING" enabled_by_default="true" />
    <inspection_tool class="NewExceptionWithoutArguments" enabled="false" level="WEAK WARNING" enabled_by_default="false" />
    <inspection_tool class="NonAtomicOperationOnVolatileField" enabled="true" level="WARNING" enabled_by_default="true" />
    <inspection_tool class="NonFinalFieldInEnum" enabled="true" level="WARNING" enabled_by_default="true" />
    <inspection_tool class="NonFinalFieldInImmutable" enabled="true" level="WARNING" enabled_by_default="true" />
    <inspection_tool class="NonFinalFieldOfException" enabled="true" level="WARNING" enabled_by_default="true" />
    <inspection_tool class="NonFinalStaticVariableUsedInClassInitialization" enabled="true" level="WARNING" enabled_by_default="true" />
    <inspection_tool class="NonFinalUtilityClass" enabled="true" level="WARNING" enabled_by_default="true" />
    <inspection_tool class="NonPublicClone" enabled="true" level="WARNING" enabled_by_default="true" />
    <inspection_tool class="NonReproducibleMathCall" enabled="true" level="WARNING" enabled_by_default="true" />
    <inspection_tool class="NonShortCircuitBoolean" enabled="true" level="WARNING" enabled_by_default="true" />
    <inspection_tool class="NonStaticFinalLogger" enabled="true" level="WARNING" enabled_by_default="true">
      <option name="loggerClassName" value="org.slf4j.Logger" />
    </inspection_tool>
    <inspection_tool class="NonThreadSafeLazyInitialization" enabled="true" level="WARNING" enabled_by_default="true" />
    <inspection_tool class="NotifyCalledOnCondition" enabled="true" level="WARNING" enabled_by_default="true" />
    <inspection_tool class="NotifyNotInSynchronizedContext" enabled="true" level="WARNING" enabled_by_default="true" />
    <inspection_tool class="NotifyWithoutCorrespondingWait" enabled="true" level="WARNING" enabled_by_default="true" />
    <inspection_tool class="NullThrown" enabled="true" level="WARNING" enabled_by_default="true" />
    <inspection_tool class="ObjectEquality" enabled="true" level="WARNING" enabled_by_default="true">
      <option name="m_ignoreEnums" value="true" />
      <option name="m_ignoreClassObjects" value="true" />
      <option name="m_ignorePrivateConstructors" value="true" />
    </inspection_tool>
    <inspection_tool class="ObjectInstantiationInEqualsHashCode" enabled="true" level="WARNING" enabled_by_default="true" />
    <inspection_tool class="ObjectNotify" enabled="true" level="WARNING" enabled_by_default="true" />
    <inspection_tool class="ObsoleteCollection" enabled="true" level="WARNING" enabled_by_default="true">
      <option name="ignoreRequiredObsoleteCollectionTypes" value="false" />
    </inspection_tool>
    <inspection_tool class="OnDemandImport" enabled="true" level="WARNING" enabled_by_default="true" />
    <inspection_tool class="OptionalContainsCollection" enabled="true" level="WARNING" enabled_by_default="true" />
    <inspection_tool class="OverlyStrongTypeCast" enabled="true" level="WARNING" enabled_by_default="true">
      <option name="ignoreInMatchingInstanceof" value="true" />
    </inspection_tool>
    <inspection_tool class="OverridableMethodCallDuringObjectConstruction" enabled="true" level="WARNING" enabled_by_default="true" />
    <inspection_tool class="OverriddenMethodCallDuringObjectConstruction" enabled="true" level="WARNING" enabled_by_default="true" />
    <inspection_tool class="PackageDotHtmlMayBePackageInfo" enabled="true" level="WARNING" enabled_by_default="true" />
    <inspection_tool class="PackageInfoWithoutPackage" enabled="true" level="WARNING" enabled_by_default="true" />
    <inspection_tool class="ParameterTypePreventsOverriding" enabled="true" level="WARNING" enabled_by_default="true" />
    <inspection_tool class="ParameterizedParametersStaticCollection" enabled="true" level="WARNING" enabled_by_default="true" />
    <inspection_tool class="PlaceholderCountMatchesArgumentCount" enabled="true" level="WARNING" enabled_by_default="true" />
    <inspection_tool class="PointlessIndexOfComparison" enabled="true" level="WARNING" enabled_by_default="true" />
    <inspection_tool class="PointlessNullCheck" enabled="true" level="WARNING" enabled_by_default="true" />
    <inspection_tool class="ProblematicWhitespace" enabled="true" level="WARNING" enabled_by_default="true" />
    <inspection_tool class="ProtectedMemberInFinalClass" enabled="true" level="WARNING" enabled_by_default="true" />
    <inspection_tool class="PublicFieldAccessedInSynchronizedContext" enabled="true" level="WARNING" enabled_by_default="true" />
    <inspection_tool class="PyClassicStyleClassInspection" enabled="true" level="WARNING" enabled_by_default="true" />
    <inspection_tool class="QuestionableName" enabled="false" level="WARNING" enabled_by_default="false">
      <option name="nameString" value="aa,abc,bad,bar,bar2,baz,baz1,baz2,baz3,bb,blah,bogus,bool,cc,dd,defau1t,dummy,dummy2,ee,fa1se,ff,foo,foo1,foo2,foo3,foobar,four,fred,fred1,fred2,gg,hh,hello,hello1,hello2,hello3,ii,nu11,one,silly,silly2,string,two,then,three,whi1e,var" />
    </inspection_tool>
    <inspection_tool class="RandomDoubleForRandomInteger" enabled="true" level="WARNING" enabled_by_default="true" />
    <inspection_tool class="RawUseOfParameterizedType" enabled="true" level="WARNING" enabled_by_default="true">
      <option name="ignoreObjectConstruction" value="false" />
    </inspection_tool>
    <inspection_tool class="RedundantImplements" enabled="true" level="WARNING" enabled_by_default="true">
      <option name="ignoreSerializable" value="false" />
      <option name="ignoreCloneable" value="false" />
    </inspection_tool>
    <inspection_tool class="RedundantMethodOverride" enabled="true" level="WARNING" enabled_by_default="true" />
    <inspection_tool class="RedundantSuppression" enabled="true" level="WARNING" enabled_by_default="true" />
    <inspection_tool class="RedundantThrowsDeclaration" enabled="true" level="WARNING" enabled_by_default="true" />
    <inspection_tool class="ReplaceAssignmentWithOperatorAssignment" enabled="true" level="WARNING" enabled_by_default="true">
      <option name="ignoreLazyOperators" value="true" />
      <option name="ignoreObscureOperators" value="false" />
    </inspection_tool>
    <inspection_tool class="ResultOfObjectAllocationIgnored" enabled="true" level="WARNING" enabled_by_default="true" />
    <inspection_tool class="ResultSetIndexZero" enabled="true" level="WARNING" enabled_by_default="true" />
    <inspection_tool class="ReturnOfDateField" enabled="true" level="WARNING" enabled_by_default="true" />
    <inspection_tool class="ReuseOfLocalVariable" enabled="true" level="WARNING" enabled_by_default="true" />
    <inspection_tool class="SafeLock" enabled="true" level="WARNING" enabled_by_default="true" />
    <inspection_tool class="SamePackageImport" enabled="true" level="WARNING" enabled_by_default="true" />
    <inspection_tool class="SameParameterValue" enabled="false" level="WARNING" enabled_by_default="false" />
    <inspection_tool class="SameReturnValue" enabled="false" level="WARNING" enabled_by_default="false" />
    <inspection_tool class="SetReplaceableByEnumSet" enabled="true" level="WARNING" enabled_by_default="true" />
    <inspection_tool class="SetupCallsSuperSetup" enabled="true" level="WARNING" enabled_by_default="true" />
    <inspection_tool class="SetupIsPublicVoidNoArg" enabled="true" level="WARNING" enabled_by_default="true" />
    <inspection_tool class="SharedThreadLocalRandom" enabled="true" level="WARNING" enabled_by_default="true" />
    <inspection_tool class="SignalWithoutCorrespondingAwait" enabled="true" level="WARNING" enabled_by_default="true" />
    <inspection_tool class="SimplifiableAnnotation" enabled="true" level="WARNING" enabled_by_default="true" />
    <inspection_tool class="SimplifiableEqualsExpression" enabled="true" level="WARNING" enabled_by_default="true" />
    <inspection_tool class="SimplifiableIfStatement" enabled="false" level="WARNING" enabled_by_default="false" />
    <inspection_tool class="SimplifiableJUnitAssertion" enabled="true" level="WARNING" enabled_by_default="true" />
    <inspection_tool class="SizeReplaceableByIsEmpty" enabled="true" level="WARNING" enabled_by_default="true" />
    <inspection_tool class="SleepWhileHoldingLock" enabled="true" level="WARNING" enabled_by_default="true" />
    <inspection_tool class="StaticCollection" enabled="true" level="WARNING" enabled_by_default="true">
      <option name="m_ignoreWeakCollections" value="false" />
    </inspection_tool>
    <inspection_tool class="StaticGuardedByInstance" enabled="true" level="WARNING" enabled_by_default="true" />
    <inspection_tool class="StaticInheritance" enabled="true" level="WARNING" enabled_by_default="true" />
    <inspection_tool class="StaticPseudoFunctionalStyleMethod" enabled="false" level="WARNING" enabled_by_default="false" />
    <inspection_tool class="StaticSuite" enabled="true" level="WARNING" enabled_by_default="true" />
    <inspection_tool class="StaticVariableInitialization" enabled="true" level="WARNING" enabled_by_default="true">
      <option name="m_ignorePrimitives" value="false" />
    </inspection_tool>
    <inspection_tool class="StaticVariableUninitializedUse" enabled="true" level="WARNING" enabled_by_default="true">
      <option name="m_ignorePrimitives" value="false" />
    </inspection_tool>
    <inspection_tool class="StringBufferMustHaveInitialCapacity" enabled="true" level="WARNING" enabled_by_default="true" />
    <inspection_tool class="StringBufferToStringInConcatenation" enabled="true" level="WARNING" enabled_by_default="true" />
    <inspection_tool class="StringConcatenationArgumentToLogCall" enabled="true" level="WARNING" enabled_by_default="true" />
    <inspection_tool class="StringConcatenationInFormatCall" enabled="true" level="WARNING" enabled_by_default="true" />
    <inspection_tool class="StringConcatenationInLoops" enabled="true" level="WARNING" enabled_by_default="true">
      <option name="m_ignoreUnlessAssigned" value="true" />
    </inspection_tool>
    <inspection_tool class="StringConcatenationInMessageFormatCall" enabled="true" level="WARNING" enabled_by_default="true" />
    <inspection_tool class="StringConcatenationMissingWhitespace" enabled="true" level="WARNING" enabled_by_default="true">
      <option name="ignoreNonStringLiterals" value="true" />
    </inspection_tool>
    <inspection_tool class="StringEqualsEmptyString" enabled="true" level="WARNING" enabled_by_default="true" />
    <inspection_tool class="StringReplaceableByStringBuffer" enabled="true" level="WARNING" enabled_by_default="true">
      <option name="onlyWarnOnLoop" value="true" />
    </inspection_tool>
    <inspection_tool class="SubtractionInCompareTo" enabled="true" level="WARNING" enabled_by_default="true" />
    <inspection_tool class="SuperClassHasFrequentlyUsedInheritors" enabled="true" level="WARNING" enabled_by_default="true" />
    <inspection_tool class="SuperTearDownInFinally" enabled="true" level="WARNING" enabled_by_default="true" />
    <inspection_tool class="SuspiciousArrayCast" enabled="true" level="WARNING" enabled_by_default="true" />
    <inspection_tool class="SuspiciousIndentAfterControlStatement" enabled="true" level="WARNING" enabled_by_default="true" />
    <inspection_tool class="SuspiciousLiteralUnderscore" enabled="true" level="WARNING" enabled_by_default="true" />
    <inspection_tool class="SwitchStatementWithConfusingDeclaration" enabled="true" level="WARNING" enabled_by_default="true" />
    <inspection_tool class="SynchronizationOnStaticField" enabled="true" level="WARNING" enabled_by_default="true" />
    <inspection_tool class="SynchronizeOnLock" enabled="true" level="WARNING" enabled_by_default="true" />
    <inspection_tool class="SynchronizeOnThis" enabled="true" level="WARNING" enabled_by_default="true" />
    <inspection_tool class="SynchronizedMethod" enabled="true" level="WARNING" enabled_by_default="true">
      <option name="m_includeNativeMethods" value="true" />
      <option name="ignoreSynchronizedSuperMethods" value="true" />
    </inspection_tool>
    <inspection_tool class="SynchronizedOnLiteralObject" enabled="true" level="WARNING" enabled_by_default="true" />
    <inspection_tool class="SystemGC" enabled="true" level="WARNING" enabled_by_default="true" />
    <inspection_tool class="SystemRunFinalizersOnExit" enabled="true" level="WARNING" enabled_by_default="true" />
    <inspection_tool class="TeardownCallsSuperTeardown" enabled="true" level="WARNING" enabled_by_default="true" />
    <inspection_tool class="TeardownIsPublicVoidNoArg" enabled="true" level="WARNING" enabled_by_default="true" />
    <inspection_tool class="TestCaseInProductCode" enabled="true" level="WARNING" enabled_by_default="true" />
    <inspection_tool class="TestCaseWithConstructor" enabled="true" level="WARNING" enabled_by_default="true" />
    <inspection_tool class="TestCaseWithNoTestMethods" enabled="true" level="WARNING" enabled_by_default="true">
      <option name="ignoreSupers" value="false" />
    </inspection_tool>
    <inspection_tool class="TestMethodIsPublicVoidNoArg" enabled="true" level="WARNING" enabled_by_default="true" />
    <inspection_tool class="TextLabelInSwitchStatement" enabled="true" level="WARNING" enabled_by_default="true" />
    <inspection_tool class="ThreadDeathRethrown" enabled="true" level="WARNING" enabled_by_default="true" />
    <inspection_tool class="ThreadDumpStack" enabled="true" level="WARNING" enabled_by_default="true" />
    <inspection_tool class="ThreadLocalNotStaticFinal" enabled="true" level="WARNING" enabled_by_default="true" />
    <inspection_tool class="ThreadPriority" enabled="true" level="WARNING" enabled_by_default="true" />
    <inspection_tool class="ThreadRun" enabled="true" level="WARNING" enabled_by_default="true" />
    <inspection_tool class="ThreadStartInConstruction" enabled="true" level="WARNING" enabled_by_default="true" />
    <inspection_tool class="ThreadStopSuspendResume" enabled="true" level="WARNING" enabled_by_default="true" />
    <inspection_tool class="ThreadWithDefaultRunMethod" enabled="true" level="WARNING" enabled_by_default="true" />
    <inspection_tool class="ThreadYield" enabled="true" level="WARNING" enabled_by_default="true" />
    <inspection_tool class="ThrowCaughtLocally" enabled="true" level="WARNING" enabled_by_default="true">
      <option name="ignoreRethrownExceptions" value="false" />
    </inspection_tool>
    <inspection_tool class="ThrowablePrintStackTrace" enabled="true" level="WARNING" enabled_by_default="true" />
    <inspection_tool class="ToArrayCallWithZeroLengthArrayArgument" enabled="true" level="WARNING" enabled_by_default="true" />
    <inspection_tool class="TooBroadCatch" enabled="true" level="INFO" enabled_by_default="true" />
    <inspection_tool class="TooBroadScope" enabled="true" level="WARNING" enabled_by_default="true">
      <option name="m_allowConstructorAsInitializer" value="false" />
      <option name="m_onlyLookAtBlocks" value="false" />
    </inspection_tool>
    <inspection_tool class="TooBroadThrows" enabled="true" level="INFO" enabled_by_default="true">
      <option name="ignoreLibraryOverrides" value="true" />
      <option name="ignoreThrown" value="true" />
    </inspection_tool>
    <inspection_tool class="TrivialStringConcatenation" enabled="true" level="WARNING" enabled_by_default="true" />
    <inspection_tool class="TypeParameterExtendsFinalClass" enabled="true" level="WARNING" enabled_by_default="true" />
    <inspection_tool class="UnaryPlus" enabled="true" level="WARNING" enabled_by_default="true" />
    <inspection_tool class="UnconditionalWait" enabled="true" level="WARNING" enabled_by_default="true" />
    <inspection_tool class="UnconstructableTestCase" enabled="true" level="WARNING" enabled_by_default="true" />
    <inspection_tool class="UnnecessaryBlockStatement" enabled="true" level="WARNING" enabled_by_default="true">
      <option name="ignoreSwitchBranches" value="false" />
    </inspection_tool>
    <inspection_tool class="UnnecessaryCallToStringValueOf" enabled="true" level="WARNING" enabled_by_default="true" />
    <inspection_tool class="UnnecessaryConstantArrayCreationExpression" enabled="true" level="WARNING" enabled_by_default="true" />
    <inspection_tool class="UnnecessaryDefault" enabled="true" level="WARNING" enabled_by_default="true" />
    <inspection_tool class="UnnecessaryFinalOnLocalVariableOrParameter" enabled="true" level="WARNING" enabled_by_default="true" />
    <inspection_tool class="UnnecessaryInheritDoc" enabled="true" level="WARNING" enabled_by_default="true" />
    <inspection_tool class="UnnecessaryJavaDocLink" enabled="true" level="WARNING" enabled_by_default="true">
      <option name="ignoreInlineLinkToSuper" value="false" />
    </inspection_tool>
    <inspection_tool class="UnnecessaryToStringCall" enabled="true" level="WARNING" enabled_by_default="true" />
    <inspection_tool class="UnpredictableBigDecimalConstructorCall" enabled="true" level="WARNING" enabled_by_default="true">
      <option name="ignoreReferences" value="true" />
      <option name="ignoreComplexLiterals" value="false" />
    </inspection_tool>
    <inspection_tool class="UnusedCatchParameter" enabled="true" level="WARNING" enabled_by_default="true">
      <option name="m_ignoreCatchBlocksWithComments" value="false" />
      <option name="m_ignoreTestCases" value="false" />
    </inspection_tool>
    <inspection_tool class="UseOfAnotherObjectsPrivateField" enabled="true" level="WARNING" enabled_by_default="true">
      <option name="ignoreSameClass" value="true" />
      <option name="ignoreEquals" value="true" />
    </inspection_tool>
    <inspection_tool class="UseOfClone" enabled="true" level="WARNING" enabled_by_default="true" />
    <inspection_tool class="UseOfObsoleteAssert" enabled="true" level="WARNING" enabled_by_default="true" />
    <inspection_tool class="UseOfObsoleteDateTimeApi" enabled="true" level="WARNING" enabled_by_default="true" />
    <inspection_tool class="UseOfPropertiesAsHashtable" enabled="true" level="WARNING" enabled_by_default="true" />
    <inspection_tool class="UseOfSunClasses" enabled="true" level="WARNING" enabled_by_default="true" />
    <inspection_tool class="UtilityClassWithPublicConstructor" enabled="true" level="WARNING" enabled_by_default="true" />
    <inspection_tool class="UtilityClassWithoutPrivateConstructor" enabled="true" level="WARNING" enabled_by_default="true">
      <option name="ignorableAnnotations">
        <value />
      </option>
      <option name="ignoreClassesWithOnlyMain" value="false" />
    </inspection_tool>
    <inspection_tool class="VariableNotUsedInsideIf" enabled="true" level="WARNING" enabled_by_default="true" />
    <inspection_tool class="VolatileArrayField" enabled="true" level="WARNING" enabled_by_default="true" />
    <inspection_tool class="VolatileLongOrDoubleField" enabled="true" level="WARNING" enabled_by_default="true" />
    <inspection_tool class="WaitCalledOnCondition" enabled="true" level="WARNING" enabled_by_default="true" />
    <inspection_tool class="WaitNotInLoop" enabled="true" level="WARNING" enabled_by_default="true" />
    <inspection_tool class="WaitNotInSynchronizedContext" enabled="true" level="WARNING" enabled_by_default="true" />
    <inspection_tool class="WaitNotifyNotInSynchronizedContext" enabled="true" level="WARNING" enabled_by_default="true" />
    <inspection_tool class="WaitWhileHoldingTwoLocks" enabled="true" level="WARNING" enabled_by_default="true" />
    <inspection_tool class="WaitWithoutCorrespondingNotify" enabled="true" level="WARNING" enabled_by_default="true" />
    <inspection_tool class="WeakerAccess" enabled="false" level="WEAK WARNING" enabled_by_default="false">
      <option name="SUGGEST_PACKAGE_LOCAL_FOR_MEMBERS" value="true" />
      <option name="SUGGEST_PACKAGE_LOCAL_FOR_TOP_CLASSES" value="true" />
      <option name="SUGGEST_PRIVATE_FOR_INNERS" value="false" />
    </inspection_tool>
    <inspection_tool class="WhileLoopSpinsOnField" enabled="true" level="WARNING" enabled_by_default="true">
      <option name="ignoreNonEmtpyLoops" value="false" />
    </inspection_tool>
    <inspection_tool class="ZeroLengthArrayInitialization" enabled="true" level="WARNING" enabled_by_default="true" />
  </profile>
</component>