<?xml version="1.0" encoding="UTF-8"?>
<verification-metadata xmlns="https://schema.gradle.org/dependency-verification" xmlns:xsi="http://www.w3.org/2001/XMLSchema-instance" xsi:schemaLocation="https://schema.gradle.org/dependency-verification https://schema.gradle.org/dependency-verification/dependency-verification-1.0.xsd">
   <configuration>
      <verify-metadata>true</verify-metadata>
      <verify-signatures>false</verify-signatures>
      <trusted-artifacts>
         <trust file=".*-javadoc[.]jar" regex="true"/>
         <trust file=".*-sources[.]jar" regex="true"/>
         <!-- These verifications fail on windows, probably due to line endings? -->
         <trust file=".*[.]pom" regex="true"/>
         <trust file=".*[.]module" regex="true"/>
      </trusted-artifacts>
   </configuration>
   <components>
      <component group="antlr" name="antlr" version="2.7.7">
         <artifact name="antlr-2.7.7.jar">
            <sha256 value="88fbda4b912596b9f56e8e12e580cc954bacfb51776ecfddd3e18fc1cf56dc4c" origin="Generated by Gradle"/>
         </artifact>
         <artifact name="antlr-2.7.7.pom">
            <sha256 value="100f793ba27f8b4e4204edb46171ebf36e54e0f94cfc02527fea07a0bb1fceb7" origin="Generated by Gradle"/>
         </artifact>
      </component>
      <component group="com.beust" name="jcommander" version="1.72">
         <artifact name="jcommander-1.72.jar">
            <sha256 value="e0de160b129b2414087e01fe845609cd55caec6820cfd4d0c90fabcc7bdb8c1e" origin="Generated by Gradle"/>
         </artifact>
         <artifact name="jcommander-1.72.pom">
            <sha256 value="c23f7e6b5b08bbf014bd16479e352ee040f4e9b73415f37e334df952797995eb" origin="Generated by Gradle"/>
         </artifact>
      </component>
      <component group="com.github.jengelman.gradle.plugins" name="shadow" version="5.2.0">
         <artifact name="shadow-5.2.0.jar">
            <sha256 value="b748da66d6f11acef435e1f2e95151dab902bb2de23fc8af575b86237d6ba6c8" origin="Generated by Gradle"/>
         </artifact>
         <artifact name="shadow-5.2.0.pom">
            <sha256 value="54468f4cf5d16864b46dca4e96cd9359a6b720a3cfbff6d403f2486e31cf88f9" origin="Generated by Gradle"/>
         </artifact>
      </component>
      <component group="com.github.johnrengelman.shadow" name="com.github.johnrengelman.shadow.gradle.plugin" version="5.2.0">
         <artifact name="com.github.johnrengelman.shadow.gradle.plugin-5.2.0.pom">
            <sha256 value="3d7e7bd33bb8b7b67db9e45601cc5f0a2080bc4ce830d976b1ad2f3e4a091a0b" origin="Generated by Gradle"/>
         </artifact>
      </component>
      <component group="com.google.auto.value" name="auto-value" version="1.7.1">
         <artifact name="auto-value-1.7.1.jar">
            <sha256 value="39c41c6137608e48e9c9b9f7d266fb0ac5dd4c43536b9d5f396be4b274e32fa1" origin="Generated by Gradle"/>
         </artifact>
         <artifact name="auto-value-1.7.1.pom">
            <sha256 value="1c3aa670a0c0999569aac31534cdaa6881a7b775e22e778fa13189423a712efa" origin="Generated by Gradle"/>
         </artifact>
      </component>
      <component group="com.google.auto.value" name="auto-value-annotations" version="1.7.1">
         <artifact name="auto-value-annotations-1.7.1.jar">
            <sha256 value="4bc7e330dde831c49254297afd2ed501da06b9ba0c90700374ed4a117536cb3c" origin="Generated by Gradle"/>
         </artifact>
         <artifact name="auto-value-annotations-1.7.1.pom">
            <sha256 value="f74cf9b21de32b0ca3826fa684462da30d57e252ef38e71be24bfce342354c23" origin="Generated by Gradle"/>
         </artifact>
      </component>
      <component group="com.google.auto.value" name="auto-value-parent" version="1.7.1">
         <artifact name="auto-value-parent-1.7.1.pom">
            <sha256 value="a5d491aab731e264bdf345402eecf017ee4cf2521246c405e766d35075a8e8a8" origin="Generated by Gradle"/>
         </artifact>
      </component>
      <component group="com.google.code.findbugs" name="jsr305" version="3.0.2">
         <artifact name="jsr305-3.0.2.jar">
            <sha256 value="766ad2a0783f2687962c8ad74ceecc38a28b9f72a2d085ee438b7813e928d0c7" origin="Generated by Gradle"/>
         </artifact>
         <artifact name="jsr305-3.0.2.pom">
            <sha256 value="19889dbdf1b254b2601a5ee645b8147a974644882297684c798afe5d63d78dfe" origin="Generated by Gradle"/>
         </artifact>
      </component>
      <component group="com.google.code.gson" name="gson" version="2.8.5">
         <artifact name="gson-2.8.5.jar">
            <sha256 value="233a0149fc365c9f6edbd683cfe266b19bdc773be98eabdaf6b3c924b48e7d81" origin="Generated by Gradle"/>
         </artifact>
         <artifact name="gson-2.8.5.pom">
            <sha256 value="b8308557a7fccc92d9fe7c8cd0599258b361285d2ecde7689eda98843255a092" origin="Generated by Gradle"/>
         </artifact>
      </component>
      <component group="com.google.code.gson" name="gson-parent" version="2.8.5">
         <artifact name="gson-parent-2.8.5.pom">
            <sha256 value="8f1fec72b91a71ea39ec39f5f778c4d1124b6b097c6d55b3a50b554a52237b27" origin="Generated by Gradle"/>
         </artifact>
      </component>
      <component group="com.google.errorprone" name="error_prone_annotations" version="2.2.0">
         <artifact name="error_prone_annotations-2.2.0.jar">
            <sha256 value="6ebd22ca1b9d8ec06d41de8d64e0596981d9607b42035f9ed374f9de271a481a" origin="Generated by Gradle"/>
         </artifact>
         <artifact name="error_prone_annotations-2.2.0.pom">
            <sha256 value="5e0258ea1ba4e51a133742680bc22448f7ab214be4073e8619f645ef1be42dd5" origin="Generated by Gradle"/>
         </artifact>
      </component>
      <component group="com.google.errorprone" name="error_prone_annotations" version="2.3.4">
         <artifact name="error_prone_annotations-2.3.4.jar">
            <sha256 value="baf7d6ea97ce606c53e11b6854ba5f2ce7ef5c24dddf0afa18d1260bd25b002c" origin="Generated by Gradle"/>
         </artifact>
         <artifact name="error_prone_annotations-2.3.4.pom">
            <sha256 value="1326738a4b4f7ccacf607b866a11fb85193ef60f6a59461187ce7265f9be5bed" origin="Generated by Gradle"/>
         </artifact>
      </component>
      <component group="com.google.errorprone" name="error_prone_parent" version="2.2.0">
         <artifact name="error_prone_parent-2.2.0.pom">
            <sha256 value="c460902ddf5ece68832c6b271ce52a0928b05cf3a6ac81a8f548c73cbd541138" origin="Generated by Gradle"/>
         </artifact>
      </component>
      <component group="com.google.errorprone" name="error_prone_parent" version="2.3.4">
         <artifact name="error_prone_parent-2.3.4.pom">
            <sha256 value="40495b437a60d2398f0fdfc054b89d9c394a82347a274a0721c2e950a4302186" origin="Generated by Gradle"/>
         </artifact>
      </component>
      <component group="com.google.guava" name="failureaccess" version="1.0.1">
         <artifact name="failureaccess-1.0.1.jar">
            <sha256 value="a171ee4c734dd2da837e4b16be9df4661afab72a41adaf31eb84dfdaf936ca26" origin="Generated by Gradle"/>
         </artifact>
         <artifact name="failureaccess-1.0.1.pom">
            <sha256 value="e96042ce78fecba0da2be964522947c87b40a291b5fd3cd672a434924103c4b9" origin="Generated by Gradle"/>
         </artifact>
      </component>
      <component group="com.google.guava" name="guava" version="27.1-jre">
         <artifact name="guava-27.1-jre.jar">
            <sha256 value="4a5aa70cc968a4d137e599ad37553e5cfeed2265e8c193476d7119036c536fe7" origin="Generated by Gradle"/>
         </artifact>
         <artifact name="guava-27.1-jre.pom">
            <sha256 value="bd99d75006131ae25c9860a1d63e84e36371f112fdb0c2fe3d5d6ab38e9eb271" origin="Generated by Gradle"/>
         </artifact>
      </component>
      <component group="com.google.guava" name="guava" version="29.0-jre">
         <artifact name="guava-29.0-jre.jar">
            <sha256 value="b22c5fb66d61e7b9522531d04b2f915b5158e80aa0b40ee7282c8bfb07b0da25" origin="Generated by Gradle"/>
         </artifact>
         <artifact name="guava-29.0-jre.pom">
            <sha256 value="9027e934098903d287f1ba61c8b65f01d1d1e1da7a6fbcc04bf3de0544014426" origin="Generated by Gradle"/>
         </artifact>
      </component>
      <component group="com.google.guava" name="guava-parent" version="26.0-android">
         <artifact name="guava-parent-26.0-android.pom">
            <sha256 value="f8698ab46ca996ce889c1afc8ca4f25eb8ac6b034dc898d4583742360016cc04" origin="Generated by Gradle"/>
         </artifact>
      </component>
      <component group="com.google.guava" name="guava-parent" version="27.1-jre">
         <artifact name="guava-parent-27.1-jre.pom">
            <sha256 value="d3610165c6de2b4d8d6418487717b63c52b5a39c5e35a553e24873ecb60e0628" origin="Generated by Gradle"/>
         </artifact>
      </component>
      <component group="com.google.guava" name="guava-parent" version="29.0-jre">
         <artifact name="guava-parent-29.0-jre.pom">
            <sha256 value="6a57f9e02f78dfa2f4bda3416065a64426ae1b66de228cf6e196e2e1912553bf" origin="Generated by Gradle"/>
         </artifact>
      </component>
      <component group="com.google.guava" name="listenablefuture" version="9999.0-empty-to-avoid-conflict-with-guava">
         <artifact name="listenablefuture-9999.0-empty-to-avoid-conflict-with-guava.jar">
            <sha256 value="b372a037d4230aa57fbeffdef30fd6123f9c0c2db85d0aced00c91b974f33f99" origin="Generated by Gradle"/>
         </artifact>
         <artifact name="listenablefuture-9999.0-empty-to-avoid-conflict-with-guava.pom">
            <sha256 value="18d4b1db26153d4e55079ce1f76bb1fe05cdb862ef9954a88cbcc4ff38b8679b" origin="Generated by Gradle"/>
         </artifact>
      </component>
      <component group="com.google.j2objc" name="j2objc-annotations" version="1.1">
         <artifact name="j2objc-annotations-1.1.jar">
            <sha256 value="2994a7eb78f2710bd3d3bfb639b2c94e219cedac0d4d084d516e78c16dddecf6" origin="Generated by Gradle"/>
         </artifact>
         <artifact name="j2objc-annotations-1.1.pom">
            <sha256 value="f0c98c571e93a7cb4dd18df0fa308f0963e7a0620ac2d4244e61e709d03ad6be" origin="Generated by Gradle"/>
         </artifact>
      </component>
      <component group="com.google.j2objc" name="j2objc-annotations" version="1.3">
         <artifact name="j2objc-annotations-1.3.jar">
            <sha256 value="21af30c92267bd6122c0e0b4d20cccb6641a37eaf956c6540ec471d584e64a7b" origin="Generated by Gradle"/>
         </artifact>
         <artifact name="j2objc-annotations-1.3.pom">
            <sha256 value="5faca824ba115bee458730337dfdb2fcea46ba2fd774d4304edbf30fa6a3f055" origin="Generated by Gradle"/>
         </artifact>
      </component>
      <component group="com.ibm.icu" name="icu4j" version="61.1">
         <artifact name="icu4j-61.1.jar">
            <sha256 value="55c98eb1838b2a4bb9a07dc36bd378532d64d0cdcb7ceee914236866a7de4464" origin="Generated by Gradle"/>
         </artifact>
         <artifact name="icu4j-61.1.pom">
            <sha256 value="13b87a4079ceb05515b19ac7a15203947075601d49423f719358a4980098056b" origin="Generated by Gradle"/>
         </artifact>
      </component>
      <component group="com.puppycrawl.tools" name="checkstyle" version="8.21">
         <artifact name="checkstyle-8.21.jar">
            <sha256 value="2bb1ff142ea0e2b4a86af1826a4eff21831df7536fd57d0715db1c7bec96f3d3" origin="Generated by Gradle"/>
         </artifact>
         <artifact name="checkstyle-8.21.pom">
            <sha256 value="060edf8181d5c483c9e0ce986da9739f81288dd57972a1c11d06c3337cc6b5e8" origin="Generated by Gradle"/>
         </artifact>
      </component>
      <component group="com.zaxxer" name="SparseBitSet" version="1.2">
         <artifact name="SparseBitSet-1.2.jar">
            <sha256 value="91e6b318c901a0f2dd1f6ce781d62474435ae627d22fbac9b21bbc39ffd804b6" origin="Generated by Gradle"/>
         </artifact>
         <artifact name="SparseBitSet-1.2.pom">
            <sha256 value="efeb17c9fde5289d079fe23635e566ab801940cc2313c407db9dad7bd645329b" origin="Generated by Gradle"/>
         </artifact>
      </component>
      <component group="commons-beanutils" name="commons-beanutils" version="1.9.3">
         <artifact name="commons-beanutils-1.9.3.jar">
            <sha256 value="c058e39c7c64203d3a448f3adb588cb03d6378ed808485618f26e137f29dae73" origin="Generated by Gradle"/>
         </artifact>
         <artifact name="commons-beanutils-1.9.3.pom">
            <sha256 value="31ea24e4eab2c7730a9d7fc534fd9f5d43df79a607421a9f8c585206f4d75bfe" origin="Generated by Gradle"/>
         </artifact>
      </component>
      <component group="commons-cli" name="commons-cli" version="1.4">
         <artifact name="commons-cli-1.4.jar">
            <sha256 value="fd3c7c9545a9cdb2051d1f9155c4f76b1e4ac5a57304404a6eedb578ffba7328" origin="Generated by Gradle"/>
         </artifact>
         <artifact name="commons-cli-1.4.pom">
            <sha256 value="f589bf30a98dc7497410b8eb8d86a167637577ac55cd5dd30cc4b57dbbc6f893" origin="Generated by Gradle"/>
         </artifact>
      </component>
      <component group="commons-collections" name="commons-collections" version="3.2.2">
         <artifact name="commons-collections-3.2.2.jar">
            <sha256 value="eeeae917917144a68a741d4c0dff66aa5c5c5fd85593ff217bced3fc8ca783b8" origin="Generated by Gradle"/>
         </artifact>
         <artifact name="commons-collections-3.2.2.pom">
            <sha256 value="d5d81fcc288c0d8c711c302007cada4aa9a226ed1a112d4baa64cb1d6322170b" origin="Generated by Gradle"/>
         </artifact>
      </component>
      <component group="commons-io" name="commons-io" version="2.5">
         <artifact name="commons-io-2.5.pom">
            <sha256 value="28ebb2998bc7d7acb25078526971640892000f3413586ff42d611f1043bfec30" origin="Generated by Gradle"/>
         </artifact>
      </component>
      <component group="commons-io" name="commons-io" version="2.6">
         <artifact name="commons-io-2.6.jar">
            <sha256 value="f877d304660ac2a142f3865badfc971dec7ed73c747c7f8d5d2f5139ca736513" origin="Generated by Gradle"/>
         </artifact>
         <artifact name="commons-io-2.6.pom">
            <sha256 value="0c23863893a2291f5a7afdbd8d15923b3948afd87e563fa341cdcf6eae338a60" origin="Generated by Gradle"/>
         </artifact>
      </component>
      <component group="de.tum.in" name="jbdd" version="0.5.2">
         <artifact name="jbdd-0.5.2.jar">
            <sha256 value="d89af013ca4e228af27361c7444eb3d2c1484f697553d879f6ffb818db0167e7" origin="Generated by Gradle"/>
         </artifact>
         <artifact name="jbdd-0.5.2.pom">
            <sha256 value="2aa5d8e761beb6bfe372c023c29a914e8864568e91e8f60629fa7f2fb8208ef3" origin="Generated by Gradle"/>
         </artifact>
      </component>
      <component group="de.tum.in" name="naturals-util" version="0.15.0">
         <artifact name="naturals-util-0.15.0.jar">
            <sha256 value="e0dd62f8248583b31710f4c1ff9f6819a989c6e8168101423a4ab14f1c625354" origin="Generated by Gradle"/>
         </artifact>
         <artifact name="naturals-util-0.15.0.pom">
            <sha256 value="1b4241ede9a3a68d69c58a85f1a7e269bb2b5e897836d3a5f7526eee23843062" origin="Generated by Gradle"/>
         </artifact>
      </component>
      <component group="info.picocli" name="picocli" version="3.9.6">
         <artifact name="picocli-3.9.6.jar">
            <sha256 value="9442a6a18d869354a0d922ba37b40032aa1b0a172f414a7a644de39d1972f1f4" origin="Generated by Gradle"/>
         </artifact>
         <artifact name="picocli-3.9.6.pom">
            <sha256 value="591b1069a770b361de09d44a94cec2a16e06094a96e7ebf578f2bdf37f9cd3d4" origin="Generated by Gradle"/>
         </artifact>
      </component>
      <component group="it.unimi.dsi" name="fastutil" version="8.3.1">
         <artifact name="fastutil-8.3.1.jar">
            <sha256 value="1ee5da1ebfdc86ab9574be3cc290769f319df901ae95932a118889b7c63636b9" origin="Generated by Gradle"/>
         </artifact>
         <artifact name="fastutil-8.3.1.pom">
            <sha256 value="7d795db0ceb8fe69f8acbfef65353e8530dcda52b52fb61080e40c98677f0db4" origin="Generated by Gradle"/>
         </artifact>
      </component>
      <component group="net.java" name="jvnet-parent" version="3">
         <artifact name="jvnet-parent-3.pom">
            <sha256 value="30f5789efa39ddbf96095aada3fc1260c4561faf2f714686717cb2dc5049475a" origin="Generated by Gradle"/>
         </artifact>
      </component>
      <component group="net.java.dev.javacc" name="javacc" version="5.0">
         <artifact name="javacc-5.0.jar">
            <sha256 value="71113161bc8cf6641515541c2818028b87c78ec2e8ffaa75317686ee08967b89" origin="Generated by Gradle"/>
         </artifact>
         <artifact name="javacc-5.0.pom">
            <sha256 value="941660d47822f9c0d80d40ea06d4981fcdc2b87cc625381b545efd7e6b449cef" origin="Generated by Gradle"/>
         </artifact>
      </component>
      <component group="net.sf.saxon" name="Saxon-HE" version="9.9.1-2">
         <artifact name="Saxon-HE-9.9.1-2.jar">
            <sha256 value="67432703c9599e46a40f69c67b7139a2c5350df46c6ab07fed68493975cc30fb" origin="Generated by Gradle"/>
         </artifact>
         <artifact name="Saxon-HE-9.9.1-2.pom">
            <sha256 value="bb14fde23ac6cce6093523ddf9ca223578327d3c81613a31ba183de2751549bc" origin="Generated by Gradle"/>
         </artifact>
      </component>
      <component group="net.sourceforge.pmd" name="pmd" version="6.15.0">
         <artifact name="pmd-6.15.0.pom">
            <sha256 value="b7d0a6968c4de06ef304534dd5742d769aa57415aff890e1990f105a3cc19ee1" origin="Generated by Gradle"/>
         </artifact>
      </component>
      <component group="net.sourceforge.pmd" name="pmd" version="6.22.0">
         <artifact name="pmd-6.22.0.pom">
            <sha256 value="60210f17321bd4c7a8d096238de7583d4d31c6f37284e89d5e1475d1d167841c" origin="Generated by Gradle"/>
         </artifact>
      </component>
      <component group="net.sourceforge.pmd" name="pmd-core" version="6.15.0">
         <artifact name="pmd-core-6.15.0.jar">
            <sha256 value="776c6315798e58cc362abba33b69fc074f7a25673706ddc6355cdbd54dc1f572" origin="Generated by Gradle"/>
         </artifact>
         <artifact name="pmd-core-6.15.0.pom">
            <sha256 value="06df5d01fecfb2374fc95cc81e2bf0f73580b12f5e384e64a92a76bb5aab45f6" origin="Generated by Gradle"/>
         </artifact>
      </component>
      <component group="net.sourceforge.pmd" name="pmd-core" version="6.22.0">
         <artifact name="pmd-core-6.22.0.jar">
            <sha256 value="cc41ea801138e0285dbb84931a5bef288363445159070e101d749eb530bdfcaa" origin="Generated by Gradle"/>
         </artifact>
         <artifact name="pmd-core-6.22.0.pom">
            <sha256 value="35c60e84fbab23d37bdc4f472ec5875ba7b8e14fd43d6b20125475d2e7b4f009" origin="Generated by Gradle"/>
         </artifact>
      </component>
      <component group="net.sourceforge.pmd" name="pmd-java" version="6.15.0">
         <artifact name="pmd-java-6.15.0.jar">
            <sha256 value="3a7d4f8c6054c46cc0954dc34fa28d627d827906f1a183fa98fcdaeb26a574fa" origin="Generated by Gradle"/>
         </artifact>
         <artifact name="pmd-java-6.15.0.pom">
            <sha256 value="2b88416d88726c44c27ad8214d20022eb5161b031a56a1419bf29928802c307f" origin="Generated by Gradle"/>
         </artifact>
      </component>
      <component group="net.sourceforge.pmd" name="pmd-java" version="6.22.0">
         <artifact name="pmd-java-6.22.0.jar">
            <sha256 value="030288c430991998620bd443a3ba287f82036899ef8071ef394dab9f21652aaf" origin="Generated by Gradle"/>
         </artifact>
         <artifact name="pmd-java-6.22.0.pom">
            <sha256 value="264369a0e78657ce8825dd1d33767fb46fd023b9d279f290a49d71a3370e393c" origin="Generated by Gradle"/>
         </artifact>
      </component>
      <component group="net.sourceforge.saxon" name="saxon" version="9.1.0.8">
         <artifact name="saxon-9.1.0.8-dom.jar">
            <sha256 value="c6cf3ecc7f4b65ab8b613d00fd9e9c0648a5aa03264a941ba0fd2da5339f917a" origin="Generated by Gradle"/>
         </artifact>
         <artifact name="saxon-9.1.0.8.jar">
            <sha256 value="f3dcde81066c75db4ffca341d543555dbbbba7fff7ba6d1c2e7de1101dea394a" origin="Generated by Gradle"/>
         </artifact>
         <artifact name="saxon-9.1.0.8.pom">
            <sha256 value="9b0779fa96df29a833bce3218e8db9cc01863605b2f73ade3d308ce1f7f79179" origin="Generated by Gradle"/>
         </artifact>
      </component>
      <component group="org.abego.treelayout" name="org.abego.treelayout.core" version="1.0.3">
         <artifact name="org.abego.treelayout.core-1.0.3.jar">
            <sha256 value="fa5e31395c39c2e7d46aca0f81f72060931607b2fa41bd36038eb2cb6fb93326" origin="Generated by Gradle"/>
         </artifact>
         <artifact name="org.abego.treelayout.core-1.0.3.pom">
            <sha256 value="a3b2b223794370355e792433af012fc993667c0331be2bacad84dbc09ace4a0c" origin="Generated by Gradle"/>
         </artifact>
      </component>
      <component group="org.antlr" name="ST4" version="4.3">
         <artifact name="ST4-4.3.jar">
            <sha256 value="28547dba48cfceb77b6efbfe069aebe9ed3324ae60dbd52093d13a1d636ed069" origin="Generated by Gradle"/>
         </artifact>
         <artifact name="ST4-4.3.pom">
            <sha256 value="2f3f42c3e4d20eca62a1b4e6d8414ef0cb973838084999e5e2703c64e5840acf" origin="Generated by Gradle"/>
         </artifact>
      </component>
      <component group="org.antlr" name="antlr-master" version="3.5.2">
         <artifact name="antlr-master-3.5.2.pom">
            <sha256 value="42d91a531ea5100eb09b541aa002c3b908e8f282bd73b6e2f52f371ef1331bd6" origin="Generated by Gradle"/>
         </artifact>
      </component>
      <component group="org.antlr" name="antlr-runtime" version="3.5.2">
         <artifact name="antlr-runtime-3.5.2.jar">
            <sha256 value="ce3fc8ecb10f39e9a3cddcbb2ce350d272d9cd3d0b1e18e6fe73c3b9389c8734" origin="Generated by Gradle"/>
         </artifact>
         <artifact name="antlr-runtime-3.5.2.pom">
            <sha256 value="46a9c2200bb8b12bd7124aa7a5097ff49099908329c851a04cb2051420aa7f25" origin="Generated by Gradle"/>
         </artifact>
      </component>
      <component group="org.antlr" name="antlr4" version="4.8-1">
         <artifact name="antlr4-4.8-1.jar">
            <sha256 value="3e4c8132600b3185b9e1c3326756eeaa97639b5e9b10e87d8c95648041f903eb" origin="Generated by Gradle"/>
         </artifact>
         <artifact name="antlr4-4.8-1.pom">
            <sha256 value="2c0412ada5ffb0cd7406c3368be1eb0ee231f66c0153a7845ef81117a6588d76" origin="Generated by Gradle"/>
         </artifact>
      </component>
      <component group="org.antlr" name="antlr4-master" version="4.7">
         <artifact name="antlr4-master-4.7.pom">
            <sha256 value="e9eb2598366effa8aec751286e06fdd8eb8f89b2baffef48365e503c2d8a3a99" origin="Generated by Gradle"/>
         </artifact>
      </component>
      <component group="org.antlr" name="antlr4-master" version="4.7.2">
         <artifact name="antlr4-master-4.7.2.pom">
            <sha256 value="ba99cb25d2390f38680c7502842a0ee0959d1e6403e013ccff698fd5856eead1" origin="Generated by Gradle"/>
         </artifact>
      </component>
      <component group="org.antlr" name="antlr4-master" version="4.8-1">
         <artifact name="antlr4-master-4.8-1.pom">
            <sha256 value="ad82764672b9fcb42369422574d583b5512e1d7de1d3143951f27c5eb0f4c8e6" origin="Generated by Gradle"/>
         </artifact>
      </component>
      <component group="org.antlr" name="antlr4-runtime" version="4.7">
         <artifact name="antlr4-runtime-4.7.jar">
            <sha256 value="2a61943f803bbd1d0e02dffd19b92a418f83340c994346809e3b51e2231aa6c0" origin="Generated by Gradle"/>
         </artifact>
         <artifact name="antlr4-runtime-4.7.pom">
            <sha256 value="666828d6b775cde482714d0a4b478ddfe99e9e9d8be67b76b643f0c3c394b10a" origin="Generated by Gradle"/>
         </artifact>
      </component>
      <component group="org.antlr" name="antlr4-runtime" version="4.7.2">
         <artifact name="antlr4-runtime-4.7.2.jar">
            <sha256 value="4c518b87d4bdff8b44cd8cbc1af816e944b62a3fe5b80b781501cf1f4759bbc4" origin="Generated by Gradle"/>
         </artifact>
         <artifact name="antlr4-runtime-4.7.2.pom">
            <sha256 value="dc09cba98c25d3c06e4aec516885d4c3af03062ba55f4fe6283fc9cf176a60fb" origin="Generated by Gradle"/>
         </artifact>
      </component>
      <component group="org.antlr" name="antlr4-runtime" version="4.8-1">
         <artifact name="antlr4-runtime-4.8-1.jar">
            <sha256 value="bdcf58107ba1a499b25e3db205086767dd409d3f5ab12c90f2d429f55ec774a6" origin="Generated by Gradle"/>
         </artifact>
         <artifact name="antlr4-runtime-4.8-1.pom">
            <sha256 value="ab60bcd5af00a48e36854ab97769bb5b7bd81ff20efc2abdf6792a66c5803e9d" origin="Generated by Gradle"/>
         </artifact>
      </component>
      <component group="org.apache" name="apache" version="16">
         <artifact name="apache-16.pom">
            <sha256 value="9f85ff2fd7d6cb3097aa47fb419ee7f0ebe869109f98aba9f4eca3f49e74a40e" origin="Generated by Gradle"/>
         </artifact>
      </component>
      <component group="org.apache" name="apache" version="18">
         <artifact name="apache-18.pom">
            <sha256 value="7831307285fd475bbc36b20ae38e7882f11c3153b1d5930f852d44eda8f33c17" origin="Generated by Gradle"/>
         </artifact>
      </component>
      <component group="org.apache" name="apache" version="19">
         <artifact name="apache-19.pom">
            <sha256 value="91f7a33096ea69bac2cbaf6d01feb934cac002c48d8c8cfa9c240b40f1ec21df" origin="Generated by Gradle"/>
         </artifact>
      </component>
      <component group="org.apache.ant" name="ant" version="1.9.7">
         <artifact name="ant-1.9.7.jar">
            <sha256 value="9a5dbe3f5f2cb91854c8682cab80178afa412ab35a5ab718bf39ce01b3435d93" origin="Generated by Gradle"/>
         </artifact>
         <artifact name="ant-1.9.7.pom">
            <sha256 value="1b9fbd4f325a71e99b279080d63084f12d884d42081af298f9e553e1fe0cd74a" origin="Generated by Gradle"/>
         </artifact>
      </component>
      <component group="org.apache.ant" name="ant-launcher" version="1.9.7">
         <artifact name="ant-launcher-1.9.7.jar">
            <sha256 value="bc376f6d6cb586229f451ac459faf1443b144c26d6647618ec9cba60e54c2b79" origin="Generated by Gradle"/>
         </artifact>
         <artifact name="ant-launcher-1.9.7.pom">
            <sha256 value="d7bcdd3ab0ff55edbe1b96d06f06dac2135ec63b5a7c32cef3a436b49c9eee27" origin="Generated by Gradle"/>
         </artifact>
      </component>
      <component group="org.apache.ant" name="ant-parent" version="1.9.7">
         <artifact name="ant-parent-1.9.7.pom">
            <sha256 value="75d2cef64c65ccbdd2faf7261e53b444778d56d338763154e30fada4a41d1215" origin="Generated by Gradle"/>
         </artifact>
      </component>
      <component group="org.apache.commons" name="commons-lang3" version="3.8.1">
         <artifact name="commons-lang3-3.8.1.jar">
            <sha256 value="dac807f65b07698ff39b1b07bfef3d87ae3fd46d91bbf8a2bc02b2a831616f68" origin="Generated by Gradle"/>
         </artifact>
         <artifact name="commons-lang3-3.8.1.pom">
            <sha256 value="ec8e09f75411685205bd0d9d7872cc3622e67c76df44a0a227b278bea04458d5" origin="Generated by Gradle"/>
         </artifact>
      </component>
      <component group="org.apache.commons" name="commons-parent" version="39">
         <artifact name="commons-parent-39.pom">
            <sha256 value="87cd27e1a02a5c3eb6d85059ce98696bb1b44c2b8b650f0567c86df60fa61da7" origin="Generated by Gradle"/>
         </artifact>
      </component>
      <component group="org.apache.commons" name="commons-parent" version="41">
         <artifact name="commons-parent-41.pom">
            <sha256 value="b2877c8016f8b28924c8e90dd5ae40cd11f328d02a1de98d80de22574ab36ec7" origin="Generated by Gradle"/>
         </artifact>
      </component>
      <component group="org.apache.commons" name="commons-parent" version="42">
         <artifact name="commons-parent-42.pom">
            <sha256 value="cd313494c670b483ec256972af1698b330e598f807002354eb765479f604b09c" origin="Generated by Gradle"/>
         </artifact>
      </component>
      <component group="org.apache.commons" name="commons-parent" version="47">
         <artifact name="commons-parent-47.pom">
            <sha256 value="8a8ecb570553bf9f1ffae211a8d4ca9ee630c17afe59293368fba7bd9b42fcb7" origin="Generated by Gradle"/>
         </artifact>
      </component>
      <component group="org.apache.logging" name="logging-parent" version="1">
         <artifact name="logging-parent-1.pom">
            <sha256 value="34b2bf4f531a809168961672ff419d1abf96725b8dfe52980f00c8c4eb134bd6" origin="Generated by Gradle"/>
         </artifact>
      </component>
      <component group="org.apache.logging.log4j" name="log4j" version="2.11.0">
         <artifact name="log4j-2.11.0.pom">
            <sha256 value="c786983c7bfa950a0231b9cfc2bc2b5370134c02c11e0f57d8566082a88386f3" origin="Generated by Gradle"/>
         </artifact>
      </component>
      <component group="org.apache.logging.log4j" name="log4j-api" version="2.11.0">
         <artifact name="log4j-api-2.11.0.jar">
            <sha256 value="fa5828950269b0ae425c96d889f18f40b336e9fa886841ae06bb9225511f1217" origin="Generated by Gradle"/>
         </artifact>
         <artifact name="log4j-api-2.11.0.pom">
            <sha256 value="05cc2da77a2d0f24b4803cbfeb8d64a20f5494d093a1bcd7872fe28aa39069d9" origin="Generated by Gradle"/>
         </artifact>
      </component>
      <component group="org.apache.logging.log4j" name="log4j-core" version="2.11.0">
         <artifact name="log4j-core-2.11.0.jar">
            <sha256 value="c32029b32da3d8cf2feca0790a4bc2331ea7eb62ab368a8980b90c7d8c8101e0" origin="Generated by Gradle"/>
         </artifact>
         <artifact name="log4j-core-2.11.0.pom">
            <sha256 value="d5629ccf572bea57192cf8c75d74e7ea05a693c42ed712647faed9ae9fbf3880" origin="Generated by Gradle"/>
         </artifact>
      </component>
      <component group="org.apiguardian" name="apiguardian-api" version="1.1.0">
         <artifact name="apiguardian-api-1.1.0.jar">
            <sha256 value="a9aae9ff8ae3e17a2a18f79175e82b16267c246fbbd3ca9dfbbb290b08dcfdd4" origin="Generated by Gradle"/>
         </artifact>
         <artifact name="apiguardian-api-1.1.0.pom">
            <sha256 value="a945b9cb5cd9b77b2c711844e659c43ec070ef59d9f509fa9f4c1861b4862711" origin="Generated by Gradle"/>
         </artifact>
      </component>
      <component group="org.checkerframework" name="checker-qual" version="2.11.1">
         <artifact name="checker-qual-2.11.1.jar">
            <sha256 value="015224a4b1dc6de6da053273d4da7d39cfea20e63038169fc45ac0d1dc9c5938" origin="Generated by Gradle"/>
         </artifact>
         <artifact name="checker-qual-2.11.1.pom">
            <sha256 value="cf2e0c90d8f757455f4a258ea609739053663bd5da6a79d9bd53f935a47de79c" origin="Generated by Gradle"/>
         </artifact>
      </component>
      <component group="org.checkerframework" name="checker-qual" version="2.5.2">
         <artifact name="checker-qual-2.5.2.jar">
            <sha256 value="64b02691c8b9d4e7700f8ee2e742dce7ea2c6e81e662b7522c9ee3bf568c040a" origin="Generated by Gradle"/>
         </artifact>
         <artifact name="checker-qual-2.5.2.pom">
            <sha256 value="dc4cd438a36462d013c2338c8e206d102a322a00f33729e8955ee219859c9ede" origin="Generated by Gradle"/>
         </artifact>
      </component>
      <component group="org.codehaus.mojo" name="animal-sniffer-annotations" version="1.17">
         <artifact name="animal-sniffer-annotations-1.17.jar">
            <sha256 value="92654f493ecfec52082e76354f0ebf87648dc3d5cec2e3c3cdb947c016747a53" origin="Generated by Gradle"/>
         </artifact>
         <artifact name="animal-sniffer-annotations-1.17.pom">
            <sha256 value="e956ab5d2eb48fabae12300d0cd2d3294d4a2a41abc2068c23cb4d60ad76cbe5" origin="Generated by Gradle"/>
         </artifact>
      </component>
      <component group="org.codehaus.mojo" name="animal-sniffer-parent" version="1.17">
         <artifact name="animal-sniffer-parent-1.17.pom">
            <sha256 value="18a03df16e2a184c582db7b125633c15fb7714027a84c1b532d72933dc08b81f" origin="Generated by Gradle"/>
         </artifact>
      </component>
      <component group="org.codehaus.mojo" name="mojo-parent" version="40">
         <artifact name="mojo-parent-40.pom">
            <sha256 value="fc648dcdc404f8bf66e0583914ecf980176618201227bea114fae85043cb755e" origin="Generated by Gradle"/>
         </artifact>
      </component>
      <component group="org.codehaus.plexus" name="plexus" version="4.0">
         <artifact name="plexus-4.0.pom">
            <sha256 value="0a1b692d7fcc90d6a45dae2e50f4660d48f7a44504f174aa60ef34fbe1327f6a" origin="Generated by Gradle"/>
         </artifact>
      </component>
      <component group="org.codehaus.plexus" name="plexus-utils" version="3.0.24">
         <artifact name="plexus-utils-3.0.24.jar">
            <sha256 value="83ee748b12d06afb0ad4050a591132b3e8025fbb1990f1ed002e8b73293e69b4" origin="Generated by Gradle"/>
         </artifact>
         <artifact name="plexus-utils-3.0.24.pom">
            <sha256 value="11067f6a75fded12bcdc8daf7a66ddd942ce289c3daf88a3fe0f8b12858a2ee6" origin="Generated by Gradle"/>
         </artifact>
      </component>
      <component group="org.glassfish" name="javax.json" version="1.0.4">
         <artifact name="javax.json-1.0.4.jar">
            <sha256 value="0e1dec40a1ede965941251eda968aeee052cc4f50378bc316cc48e8159bdbeb4" origin="Generated by Gradle"/>
         </artifact>
         <artifact name="javax.json-1.0.4.pom">
            <sha256 value="6baf8383ffa98b66ea96cd5bfc1ec7f2d79463bb98ac98052964b121c2212d54" origin="Generated by Gradle"/>
         </artifact>
      </component>
      <component group="org.glassfish" name="json" version="1.0.4">
         <artifact name="json-1.0.4.pom">
            <sha256 value="6d7c68423115f921718d944f859924b4c685217ec03a49f70455a8b2caa972e6" origin="Generated by Gradle"/>
         </artifact>
      </component>
      <component group="org.graalvm.sdk" name="graal-sdk" version="20.0.0">
         <artifact name="graal-sdk-20.0.0.jar">
            <sha256 value="01e509f18543b879efc590e56641916bd18311a58a7b5f8d54bd5f40a4fd555e" origin="Generated by Gradle"/>
         </artifact>
         <artifact name="graal-sdk-20.0.0.pom">
            <sha256 value="67a759557822485e228e12710cd04e905ac29472d038d3ed446ea9c4d9991265" origin="Generated by Gradle"/>
         </artifact>
      </component>
      <component group="org.graalvm.sdk" name="graal-sdk" version="20.1.0">
         <artifact name="graal-sdk-20.1.0.jar">
            <sha256 value="5322cd829d0485eec2c491dca803ebed5b86c4b658f6427c9424db574afae350" origin="Generated by Gradle"/>
         </artifact>
         <artifact name="graal-sdk-20.1.0.pom">
            <sha256 value="883812f43e808b48006adacf423124dd4f57d4e112d2abcac078634644b4f4db" origin="Generated by Gradle"/>
         </artifact>
      </component>
      <component group="org.immutables" name="immutables" version="2.7.1">
         <artifact name="immutables-2.7.1.pom">
            <sha256 value="29de7ef0ec634578f077b03a1657cb4257a7bb4601e4757dbd37d7c4dd3b4173" origin="Generated by Gradle"/>
         </artifact>
      </component>
      <component group="org.immutables" name="value" version="2.7.1">
         <artifact name="value-2.7.1-annotations.jar">
            <sha256 value="c878caa64433f12a6ae6848e2122ca06cfd77214acfa06b287d913b9c119aa99" origin="Generated by Gradle"/>
         </artifact>
         <artifact name="value-2.7.1.pom">
            <sha256 value="d1c24e1f715deead575d335f265002073aaaa87a1255a400a6989f614f1fe517" origin="Generated by Gradle"/>
         </artifact>
      </component>
      <component group="org.jdom" name="jdom2" version="2.0.6">
         <artifact name="jdom2-2.0.6.jar">
            <sha256 value="1345f11ba606d15603d6740551a8c21947c0215640770ec67271fe78bea97cf5" origin="Generated by Gradle"/>
         </artifact>
         <artifact name="jdom2-2.0.6.pom">
            <sha256 value="47b23a79fe336b741b82434c6e049d68165256e405e75c10921fd72fa8a65d8d" origin="Generated by Gradle"/>
         </artifact>
      </component>
      <component group="org.junit" name="junit-bom" version="5.6.2">
         <artifact name="junit-bom-5.6.2.module">
            <sha256 value="7f48f82f55efc1f0cc59583c2d474a3410e24179dd2d1d22164515cce33d7643" origin="Generated by Gradle"/>
         </artifact>
         <artifact name="junit-bom-5.6.2.pom">
            <sha256 value="e8ad601b3181b23787a18e71d26ac86a49c56dc5f85606764bc3c51b5e45fe13" origin="Manually generated"/>
         </artifact>
      </component>
      <component group="org.junit.jupiter" name="junit-jupiter-api" version="5.6.2">
         <artifact name="junit-jupiter-api-5.6.2.jar">
            <sha256 value="3f476de9b214f20ca69da51e801186d001f67328a686df81bc3de3ba11953870" origin="Generated by Gradle"/>
         </artifact>
         <artifact name="junit-jupiter-api-5.6.2.module">
            <sha256 value="1afa7193e59ec77ce2e82f89747cd1624c35056549661f3e66b10aeb45964a3b" origin="Generated by Gradle"/>
         </artifact>
      </component>
      <component group="org.junit.jupiter" name="junit-jupiter-engine" version="5.6.2">
         <artifact name="junit-jupiter-engine-5.6.2.jar">
            <sha256 value="0eb1ab3fc8e4130943b54f4d86824b106ef1cd90d96789343f3944e48b3c501c" origin="Generated by Gradle"/>
         </artifact>
         <artifact name="junit-jupiter-engine-5.6.2.module">
            <sha256 value="5aac8d51ec86e4ff25a7e1f5affb6a909d4e5404e6cf09f5c5ee762617929a51" origin="Generated by Gradle"/>
         </artifact>
      </component>
      <component group="org.junit.jupiter" name="junit-jupiter-params" version="5.6.2">
         <artifact name="junit-jupiter-params-5.6.2.jar">
            <sha256 value="52f7aeb346cfa41bb33a8d3dbab8c577f9c37f8f5a79a632af10b5c8f1e92186" origin="Generated by Gradle"/>
         </artifact>
         <artifact name="junit-jupiter-params-5.6.2.module">
            <sha256 value="1cdb51d86020c20660366b2faed44ce95552a4e197c2b4b8328a6f9acf4e254f" origin="Generated by Gradle"/>
         </artifact>
      </component>
      <component group="org.junit.platform" name="junit-platform-commons" version="1.6.2">
         <artifact name="junit-platform-commons-1.6.2.jar">
            <sha256 value="341621f4d998fd7b539b38baa7e1a3da80b7cac00b983e6206b01c9290915fe9" origin="Generated by Gradle"/>
         </artifact>
         <artifact name="junit-platform-commons-1.6.2.module">
            <sha256 value="4a38a9a91e91aa9cd1d4e27a956f50aac8c1762645800e04987fe151f181958c" origin="Generated by Gradle"/>
         </artifact>
      </component>
      <component group="org.junit.platform" name="junit-platform-engine" version="1.6.2">
         <artifact name="junit-platform-engine-1.6.2.jar">
            <sha256 value="23b41ac95e4673f7b31e8502424451be4154fe4db1d448448945e2215473c246" origin="Generated by Gradle"/>
         </artifact>
         <artifact name="junit-platform-engine-1.6.2.module">
            <sha256 value="cb7395f9b7386ed0d60fb07475355d9af0aaeaf800e39e7594c9d56732dd60b9" origin="Generated by Gradle"/>
         </artifact>
      </component>
      <component group="org.opentest4j" name="opentest4j" version="1.2.0">
         <artifact name="opentest4j-1.2.0.jar">
            <sha256 value="58812de60898d976fb81ef3b62da05c6604c18fd4a249f5044282479fc286af2" origin="Generated by Gradle"/>
         </artifact>
         <artifact name="opentest4j-1.2.0.pom">
            <sha256 value="a96e671816c1ff8803bdec74c9241f025bdfb277da5d2b4ee02266405936f994" origin="Generated by Gradle"/>
         </artifact>
      </component>
      <component group="org.ow2" name="ow2" version="1.5">
         <artifact name="ow2-1.5.pom">
            <sha256 value="0f8a1b116e760b8fe6389c51b84e4b07a70fc11082d4f936e453b583dd50b43b" origin="Generated by Gradle"/>
         </artifact>
      </component>
      <component group="org.ow2.asm" name="asm" version="7.0-beta">
         <artifact name="asm-7.0-beta.jar">
            <sha256 value="ba84438f0f08ae2c2f85423dc3628361d20197c46a194687defdf63ed1896a3a" origin="Generated by Gradle"/>
         </artifact>
         <artifact name="asm-7.0-beta.pom">
            <sha256 value="2d85484e0c0dd935e38edec52a33267ea1d50eb06d4c2ffb90d444c089571f86" origin="Generated by Gradle"/>
         </artifact>
      </component>
      <component group="org.ow2.asm" name="asm" version="7.1">
         <artifact name="asm-7.1.jar">
            <sha256 value="4ab2fa2b6d2cc9ccb1eaa05ea329c407b47b13ed2915f62f8c4b8cc96258d4de" origin="Generated by Gradle"/>
         </artifact>
         <artifact name="asm-7.1.pom">
            <sha256 value="0f29742eada6588a46c679f499a6755e4b3939767004f2bd9c02019cfd1d3180" origin="Generated by Gradle"/>
         </artifact>
      </component>
      <component group="org.ow2.asm" name="asm" version="7.3.1">
         <artifact name="asm-7.3.1.jar">
            <sha256 value="2f67e11ceec819ebd88ddee5300aba699b1cbab2e20c22e97cf027d3be93959b" origin="Generated by Gradle"/>
         </artifact>
         <artifact name="asm-7.3.1.pom">
            <sha256 value="eacdcd500d6527e963888daeda31923e4bc241a25424dcc38acca2e601e7fde2" origin="Generated by Gradle"/>
         </artifact>
      </component>
      <component group="org.ow2.asm" name="asm-analysis" version="7.0-beta">
         <artifact name="asm-analysis-7.0-beta.jar">
            <sha256 value="4d2b20a1fb44acb33b0ddb80be58b2ad7838c1fb520282a655a1217b3c6acf19" origin="Generated by Gradle"/>
         </artifact>
         <artifact name="asm-analysis-7.0-beta.pom">
            <sha256 value="7a068ba0c921fe69824731f6a1b14f86ff0828a0c5941e5c24b6b501e2f6e69f" origin="Generated by Gradle"/>
         </artifact>
      </component>
      <component group="org.ow2.asm" name="asm-commons" version="7.0-beta">
         <artifact name="asm-commons-7.0-beta.jar">
            <sha256 value="3d8ec2534b883541b966e6dde9004967d34f7311789028afc92e2e066867dac4" origin="Generated by Gradle"/>
         </artifact>
         <artifact name="asm-commons-7.0-beta.pom">
            <sha256 value="2b30b9d132f43dfba6ebced3c9661b1b5c60187dfc4d5cb7e759224fea7a279e" origin="Generated by Gradle"/>
         </artifact>
      </component>
      <component group="org.ow2.asm" name="asm-tree" version="7.0-beta">
         <artifact name="asm-tree-7.0-beta.jar">
            <sha256 value="a2ec5b55ceb359c324ad48b15e912e33c75889237413976d1505fe32ecde82f2" origin="Generated by Gradle"/>
         </artifact>
         <artifact name="asm-tree-7.0-beta.pom">
            <sha256 value="56e37d6b54903ca842eef8fe6c8863bc7f405186bc43e74a21575a3f2428ba70" origin="Generated by Gradle"/>
         </artifact>
      </component>
      <component group="org.roaringbitmap" name="RoaringBitmap" version="0.8.15">
         <artifact name="RoaringBitmap-0.8.15.jar">
            <sha256 value="86dd3b306f271f6e197456619eddb036450b0734471e7c6eeb6cebc062233670" origin="Generated by Gradle"/>
         </artifact>
         <artifact name="RoaringBitmap-0.8.15.pom">
            <sha256 value="324d28bd22e4901a3f723e79c599ea78a8c6547928c933e64fce2df4b1474e4a" origin="Generated by Gradle"/>
         </artifact>
      </component>
      <component group="org.roaringbitmap" name="shims" version="0.8.15">
         <artifact name="shims-0.8.15.jar">
            <sha256 value="d1bf87cec846915144c8715abe25f3d91b1bf1b1337bdf6b41a5e73452ecf152" origin="Generated by Gradle"/>
         </artifact>
         <artifact name="shims-0.8.15.pom">
            <sha256 value="8119502be0abbac4c98667c6b88c4301ededa480e11a6f6eef0fdd7b4f03ae8b" origin="Generated by Gradle"/>
         </artifact>
      </component>
      <component group="org.sonatype.forge" name="forge-parent" version="10">
         <artifact name="forge-parent-10.pom">
            <sha256 value="c14fb9c32b59cc03251f609416db7c0cff01f811edcccb4f6a865d6e7046bd0b" origin="Generated by Gradle"/>
         </artifact>
      </component>
      <component group="org.sonatype.oss" name="oss-parent" version="7">
         <artifact name="oss-parent-7.pom">
            <sha256 value="b51f8867c92b6a722499557fc3a1fdea77bdf9ef574722fe90ce436a29559454" origin="Generated by Gradle"/>
         </artifact>
      </component>
      <component group="org.sonatype.oss" name="oss-parent" version="9">
         <artifact name="oss-parent-9.pom">
            <sha256 value="fb40265f982548212ff82e362e59732b2187ec6f0d80182885c14ef1f982827a" origin="Generated by Gradle"/>
         </artifact>
      </component>
      <component group="org.vafer" name="jdependency" version="2.1.1">
         <artifact name="jdependency-2.1.1.jar">
            <sha256 value="642d23a86217850721d9fa80671683d8308fd03114f0da7af553d43b82013a09" origin="Generated by Gradle"/>
         </artifact>
         <artifact name="jdependency-2.1.1.pom">
            <sha256 value="4a139306cbe0aa3765bd9fd837a71253a911a9c4e55c50e062a4bd6843ee19a1" origin="Generated by Gradle"/>
         </artifact>
      </component>
   </components>
</verification-metadata>
